user_id,channel,experiment_group,received_coupon,converted,order_value,coupon_cost,net_revenue
1,自然流量,实验组,1,0,0.0,0,0.0
2,短视频投放,对照组,0,0,0.0,0,0.0
3,自然流量,实验组,1,0,0.0,0,0.0
4,自然流量,实验组,1,0,0.0,0,0.0
5,达人推荐,实验组,1,0,0.0,0,0.0
6,短视频投放,对照组,0,0,0.0,0,0.0
7,站内活动,对照组,0,0,0.0,0,0.0
8,自然流量,实验组,1,0,0.0,0,0.0
9,达人推荐,对照组,0,0,0.0,0,0.0
10,短视频投放,实验组,1,0,0.0,0,0.0
11,达人推荐,对照组,0,0,0.0,0,0.0
12,短视频投放,对照组,0,0,0.0,0,0.0
13,短视频投放,对照组,0,0,0.0,0,0.0
14,站内活动,对照组,0,0,0.0,0,0.0
15,自然流量,对照组,0,0,0.0,0,0.0
16,自然流量,对照组,0,0,0.0,0,0.0
17,达人推荐,实验组,1,0,0.0,0,0.0
18,站内活动,实验组,1,0,0.0,0,0.0
19,自然流量,实验组,1,0,0.0,0,0.0
20,短视频投放,实验组,1,0,0.0,0,0.0
21,站内活动,对照组,0,0,0.0,0,0.0
22,达人推荐,实验组,1,0,0.0,0,0.0
23,站内活动,对照组,0,0,0.0,0,0.0
24,短视频投放,实验组,1,0,0.0,0,0.0
25,达人推荐,实验组,1,0,0.0,0,0.0
26,自然流量,实验组,1,1,67.66,10,57.66
27,站内活动,实验组,1,1,35.48,10,25.48
28,短视频投放,对照组,0,0,0.0,0,0.0
29,达人推荐,实验组,1,0,0.0,0,0.0
30,短视频投放,实验组,1,0,0.0,0,0.0
31,短视频投放,实验组,1,0,0.0,0,0.0
32,达人推荐,对照组,0,0,0.0,0,0.0
33,短视频投放,对照组,0,0,0.0,0,0.0
34,站内活动,对照组,0,0,0.0,0,0.0
35,短视频投放,实验组,1,0,0.0,0,0.0
36,达人推荐,对照组,0,0,0.0,0,0.0
37,自然流量,对照组,0,0,0.0,0,0.0
38,短视频投放,实验组,1,0,0.0,0,0.0
39,短视频投放,对照组,0,0,0.0,0,0.0
40,自然流量,实验组,1,0,0.0,0,0.0
41,自然流量,对照组,0,0,0.0,0,0.0
42,达人推荐,实验组,1,0,0.0,0,0.0
43,达人推荐,实验组,1,0,0.0,0,0.0
44,达人推荐,对照组,0,1,85.4,0,85.4
45,自然流量,实验组,1,0,0.0,0,0.0
46,自然流量,实验组,1,0,0.0,0,0.0
47,自然流量,对照组,0,0,0.0,0,0.0
48,达人推荐,实验组,1,0,0.0,0,0.0
49,站内活动,对照组,0,0,0.0,0,0.0
50,自然流量,对照组,0,0,0.0,0,0.0
51,达人推荐,对照组,0,0,0.0,0,0.0
52,自然流量,实验组,1,0,0.0,0,0.0
53,自然流量,实验组,1,0,0.0,0,0.0
54,自然流量,实验组,1,0,0.0,0,0.0
55,自然流量,实验组,1,0,0.0,0,0.0
56,达人推荐,对照组,0,0,0.0,0,0.0
57,站内活动,对照组,0,0,0.0,0,0.0
58,自然流量,实验组,1,1,39.75,10,29.75
59,短视频投放,实验组,1,0,0.0,0,0.0
60,达人推荐,对照组,0,0,0.0,0,0.0
61,站内活动,对照组,0,0,0.0,0,0.0
62,达人推荐,实验组,1,0,0.0,0,0.0
63,自然流量,实验组,1,0,0.0,0,0.0
64,达人推荐,实验组,1,0,0.0,0,0.0
65,自然流量,对照组,0,0,0.0,0,0.0
66,站内活动,对照组,0,0,0.0,0,0.0
67,短视频投放,实验组,1,0,0.0,0,0.0
68,达人推荐,实验组,1,0,0.0,0,0.0
69,自然流量,对照组,0,0,0.0,0,0.0
70,短视频投放,实验组,1,0,0.0,0,0.0
71,站内活动,对照组,0,0,0.0,0,0.0
72,达人推荐,实验组,1,1,85.35,10,75.35
73,短视频投放,对照组,0,1,133.05,0,133.05
74,站内活动,对照组,0,0,0.0,0,0.0
75,站内活动,对照组,0,0,0.0,0,0.0
76,自然流量,对照组,0,0,0.0,0,0.0
77,短视频投放,实验组,1,0,0.0,0,0.0
78,短视频投放,对照组,0,0,0.0,0,0.0
79,达人推荐,实验组,1,0,0.0,0,0.0
80,自然流量,实验组,1,0,0.0,0,0.0
81,自然流量,实验组,1,0,0.0,0,0.0
82,站内活动,对照组,0,0,0.0,0,0.0
83,站内活动,实验组,1,0,0.0,0,0.0
84,站内活动,实验组,1,1,60.9,10,50.9
85,站内活动,实验组,1,0,0.0,0,0.0
86,达人推荐,对照组,0,0,0.0,0,0.0
87,达人推荐,实验组,1,0,0.0,0,0.0
88,达人推荐,对照组,0,0,0.0,0,0.0
89,短视频投放,对照组,0,0,0.0,0,0.0
90,短视频投放,对照组,0,0,0.0,0,0.0
91,自然流量,对照组,0,0,0.0,0,0.0
92,达人推荐,实验组,1,0,0.0,0,0.0
93,自然流量,对照组,0,0,0.0,0,0.0
94,自然流量,对照组,0,0,0.0,0,0.0
95,短视频投放,对照组,0,1,32.64,0,32.64
96,短视频投放,对照组,0,0,0.0,0,0.0
97,自然流量,对照组,0,0,0.0,0,0.0
98,站内活动,对照组,0,0,0.0,0,0.0
99,站内活动,实验组,1,0,0.0,0,0.0
100,自然流量,对照组,0,0,0.0,0,0.0
101,自然流量,对照组,0,0,0.0,0,0.0
102,自然流量,实验组,1,0,0.0,0,0.0
103,达人推荐,对照组,0,1,53.08,0,53.08
104,站内活动,实验组,1,0,0.0,0,0.0
105,自然流量,对照组,0,0,0.0,0,0.0
106,达人推荐,实验组,1,0,0.0,0,0.0
107,自然流量,对照组,0,0,0.0,0,0.0
108,短视频投放,对照组,0,0,0.0,0,0.0
109,站内活动,对照组,0,0,0.0,0,0.0
110,自然流量,实验组,1,0,0.0,0,0.0
111,自然流量,对照组,0,0,0.0,0,0.0
112,短视频投放,实验组,1,0,0.0,0,0.0
113,达人推荐,对照组,0,0,0.0,0,0.0
114,站内活动,实验组,1,1,40.07,10,30.07
115,站内活动,实验组,1,0,0.0,0,0.0
116,自然流量,实验组,1,0,0.0,0,0.0
117,自然流量,实验组,1,1,23.1,10,13.1
118,达人推荐,对照组,0,0,0.0,0,0.0
119,自然流量,实验组,1,0,0.0,0,0.0
120,站内活动,对照组,0,0,0.0,0,0.0
121,达人推荐,对照组,0,0,0.0,0,0.0
122,自然流量,对照组,0,0,0.0,0,0.0
123,站内活动,实验组,1,0,0.0,0,0.0
124,自然流量,实验组,1,0,0.0,0,0.0
125,短视频投放,实验组,1,0,0.0,0,0.0
126,短视频投放,实验组,1,0,0.0,0,0.0
127,短视频投放,对照组,0,1,83.69,0,83.69
128,达人推荐,对照组,0,0,0.0,0,0.0
129,达人推荐,实验组,1,1,103.58,10,93.58
130,站内活动,对照组,0,0,0.0,0,0.0
131,站内活动,对照组,0,0,0.0,0,0.0
132,短视频投放,对照组,0,0,0.0,0,0.0
133,自然流量,对照组,0,0,0.0,0,0.0
134,达人推荐,对照组,0,0,0.0,0,0.0
135,站内活动,实验组,1,0,0.0,0,0.0
136,自然流量,对照组,0,0,0.0,0,0.0
137,短视频投放,对照组,0,0,0.0,0,0.0
138,短视频投放,对照组,0,1,49.48,0,49.48
139,自然流量,实验组,1,0,0.0,0,0.0
140,达人推荐,对照组,0,0,0.0,0,0.0
141,短视频投放,对照组,0,0,0.0,0,0.0
142,达人推荐,实验组,1,0,0.0,0,0.0
143,站内活动,实验组,1,0,0.0,0,0.0
144,站内活动,实验组,1,0,0.0,0,0.0
145,短视频投放,对照组,0,0,0.0,0,0.0
146,自然流量,实验组,1,0,0.0,0,0.0
147,达人推荐,实验组,1,1,161.22,10,151.22
148,站内活动,实验组,1,0,0.0,0,0.0
149,短视频投放,实验组,1,0,0.0,0,0.0
150,站内活动,实验组,1,0,0.0,0,0.0
151,自然流量,对照组,0,0,0.0,0,0.0
152,站内活动,实验组,1,1,115.19,10,105.19
153,自然流量,对照组,0,0,0.0,0,0.0
154,自然流量,实验组,1,0,0.0,0,0.0
155,短视频投放,对照组,0,0,0.0,0,0.0
156,自然流量,实验组,1,1,64.88,10,54.88
157,自然流量,对照组,0,0,0.0,0,0.0
158,自然流量,实验组,1,0,0.0,0,0.0
159,短视频投放,实验组,1,0,0.0,0,0.0
160,达人推荐,对照组,0,0,0.0,0,0.0
161,自然流量,对照组,0,0,0.0,0,0.0
162,达人推荐,实验组,1,0,0.0,0,0.0
163,站内活动,实验组,1,0,0.0,0,0.0
164,自然流量,对照组,0,0,0.0,0,0.0
165,自然流量,实验组,1,0,0.0,0,0.0
166,站内活动,实验组,1,0,0.0,0,0.0
167,站内活动,对照组,0,1,26.51,0,26.51
168,短视频投放,实验组,1,1,44.48,10,34.48
169,站内活动,实验组,1,0,0.0,0,0.0
170,自然流量,实验组,1,0,0.0,0,0.0
171,短视频投放,实验组,1,1,95.63,10,85.63
172,达人推荐,实验组,1,0,0.0,0,0.0
173,自然流量,对照组,0,0,0.0,0,0.0
174,达人推荐,对照组,0,0,0.0,0,0.0
175,短视频投放,对照组,0,0,0.0,0,0.0
176,达人推荐,实验组,1,0,0.0,0,0.0
177,短视频投放,对照组,0,0,0.0,0,0.0
178,短视频投放,实验组,1,0,0.0,0,0.0
179,自然流量,对照组,0,0,0.0,0,0.0
180,自然流量,实验组,1,0,0.0,0,0.0
181,达人推荐,对照组,0,0,0.0,0,0.0
182,自然流量,对照组,0,0,0.0,0,0.0
183,自然流量,对照组,0,0,0.0,0,0.0
184,自然流量,对照组,0,0,0.0,0,0.0
185,自然流量,实验组,1,0,0.0,0,0.0
186,站内活动,对照组,0,0,0.0,0,0.0
187,短视频投放,对照组,0,0,0.0,0,0.0
188,站内活动,实验组,1,0,0.0,0,0.0
189,自然流量,对照组,0,0,0.0,0,0.0
190,达人推荐,实验组,1,0,0.0,0,0.0
191,短视频投放,实验组,1,0,0.0,0,0.0
192,短视频投放,对照组,0,0,0.0,0,0.0
193,站内活动,实验组,1,0,0.0,0,0.0
194,站内活动,对照组,0,0,0.0,0,0.0
195,站内活动,对照组,0,0,0.0,0,0.0
196,自然流量,实验组,1,0,0.0,0,0.0
197,自然流量,对照组,0,1,59.64,0,59.64
198,达人推荐,实验组,1,0,0.0,0,0.0
199,自然流量,实验组,1,0,0.0,0,0.0
200,达人推荐,实验组,1,0,0.0,0,0.0
201,短视频投放,对照组,0,1,67.75,0,67.75
202,短视频投放,对照组,0,0,0.0,0,0.0
203,站内活动,实验组,1,0,0.0,0,0.0
204,达人推荐,对照组,0,1,73.33,0,73.33
205,自然流量,对照组,0,0,0.0,0,0.0
206,自然流量,对照组,0,0,0.0,0,0.0
207,达人推荐,实验组,1,0,0.0,0,0.0
208,短视频投放,实验组,1,0,0.0,0,0.0
209,自然流量,对照组,0,0,0.0,0,0.0
210,短视频投放,对照组,0,0,0.0,0,0.0
211,达人推荐,实验组,1,0,0.0,0,0.0
212,站内活动,对照组,0,0,0.0,0,0.0
213,短视频投放,实验组,1,0,0.0,0,0.0
214,短视频投放,实验组,1,0,0.0,0,0.0
215,自然流量,实验组,1,1,62.71,10,52.71
216,短视频投放,实验组,1,1,108.14,10,98.14
217,自然流量,实验组,1,0,0.0,0,0.0
218,短视频投放,对照组,0,0,0.0,0,0.0
219,达人推荐,对照组,0,0,0.0,0,0.0
220,自然流量,实验组,1,0,0.0,0,0.0
221,自然流量,实验组,1,1,71.8,10,61.8
222,自然流量,实验组,1,1,60.62,10,50.62
223,站内活动,对照组,0,0,0.0,0,0.0
224,达人推荐,对照组,0,0,0.0,0,0.0
225,自然流量,实验组,1,1,121.11,10,111.11
226,站内活动,实验组,1,0,0.0,0,0.0
227,短视频投放,对照组,0,0,0.0,0,0.0
228,短视频投放,对照组,0,0,0.0,0,0.0
229,站内活动,对照组,0,0,0.0,0,0.0
230,自然流量,对照组,0,0,0.0,0,0.0
231,自然流量,实验组,1,0,0.0,0,0.0
232,短视频投放,实验组,1,0,0.0,0,0.0
233,自然流量,对照组,0,0,0.0,0,0.0
234,达人推荐,对照组,0,0,0.0,0,0.0
235,自然流量,实验组,1,1,101.49,10,91.49
236,自然流量,实验组,1,0,0.0,0,0.0
237,自然流量,实验组,1,1,64.49,10,54.49
238,短视频投放,对照组,0,1,125.08,0,125.08
239,自然流量,实验组,1,1,41.74,10,31.74
240,自然流量,实验组,1,0,0.0,0,0.0
241,站内活动,对照组,0,0,0.0,0,0.0
242,自然流量,对照组,0,0,0.0,0,0.0
243,短视频投放,对照组,0,0,0.0,0,0.0
244,自然流量,实验组,1,0,0.0,0,0.0
245,短视频投放,实验组,1,0,0.0,0,0.0
246,自然流量,实验组,1,0,0.0,0,0.0
247,达人推荐,实验组,1,0,0.0,0,0.0
248,自然流量,实验组,1,0,0.0,0,0.0
249,站内活动,实验组,1,0,0.0,0,0.0
250,站内活动,实验组,1,0,0.0,0,0.0
251,自然流量,对照组,0,0,0.0,0,0.0
252,自然流量,实验组,1,0,0.0,0,0.0
253,自然流量,实验组,1,0,0.0,0,0.0
254,达人推荐,对照组,0,0,0.0,0,0.0
255,自然流量,对照组,0,0,0.0,0,0.0
256,站内活动,对照组,0,0,0.0,0,0.0
257,达人推荐,实验组,1,1,46.99,10,36.99
258,站内活动,对照组,0,0,0.0,0,0.0
259,短视频投放,对照组,0,0,0.0,0,0.0
260,站内活动,对照组,0,1,38.29,0,38.29
261,自然流量,对照组,0,0,0.0,0,0.0
262,短视频投放,对照组,0,1,73.33,0,73.33
263,自然流量,实验组,1,0,0.0,0,0.0
264,站内活动,对照组,0,0,0.0,0,0.0
265,短视频投放,对照组,0,0,0.0,0,0.0
266,站内活动,实验组,1,0,0.0,0,0.0
267,自然流量,对照组,0,0,0.0,0,0.0
268,站内活动,实验组,1,0,0.0,0,0.0
269,短视频投放,对照组,0,0,0.0,0,0.0
270,短视频投放,对照组,0,0,0.0,0,0.0
271,站内活动,实验组,1,0,0.0,0,0.0
272,短视频投放,对照组,0,0,0.0,0,0.0
273,短视频投放,对照组,0,1,37.88,0,37.88
274,短视频投放,对照组,0,1,57.24,0,57.24
275,自然流量,实验组,1,0,0.0,0,0.0
276,自然流量,对照组,0,0,0.0,0,0.0
277,自然流量,实验组,1,0,0.0,0,0.0
278,自然流量,实验组,1,0,0.0,0,0.0
279,站内活动,实验组,1,0,0.0,0,0.0
280,短视频投放,实验组,1,0,0.0,0,0.0
281,短视频投放,对照组,0,1,45.88,0,45.88
282,短视频投放,实验组,1,0,0.0,0,0.0
283,短视频投放,实验组,1,0,0.0,0,0.0
284,达人推荐,对照组,0,0,0.0,0,0.0
285,站内活动,对照组,0,0,0.0,0,0.0
286,站内活动,对照组,0,0,0.0,0,0.0
287,短视频投放,对照组,0,0,0.0,0,0.0
288,自然流量,对照组,0,0,0.0,0,0.0
289,短视频投放,对照组,0,0,0.0,0,0.0
290,短视频投放,对照组,0,0,0.0,0,0.0
291,短视频投放,实验组,1,0,0.0,0,0.0
292,达人推荐,实验组,1,0,0.0,0,0.0
293,短视频投放,对照组,0,0,0.0,0,0.0
294,自然流量,实验组,1,0,0.0,0,0.0
295,自然流量,对照组,0,0,0.0,0,0.0
296,短视频投放,实验组,1,0,0.0,0,0.0
297,自然流量,实验组,1,0,0.0,0,0.0
298,自然流量,实验组,1,0,0.0,0,0.0
299,达人推荐,对照组,0,0,0.0,0,0.0
300,短视频投放,对照组,0,1,67.62,0,67.62
301,自然流量,对照组,0,0,0.0,0,0.0
302,短视频投放,实验组,1,0,0.0,0,0.0
303,达人推荐,实验组,1,0,0.0,0,0.0
304,自然流量,对照组,0,0,0.0,0,0.0
305,站内活动,实验组,1,0,0.0,0,0.0
306,站内活动,实验组,1,0,0.0,0,0.0
307,短视频投放,对照组,0,0,0.0,0,0.0
308,达人推荐,实验组,1,0,0.0,0,0.0
309,自然流量,实验组,1,0,0.0,0,0.0
310,站内活动,实验组,1,0,0.0,0,0.0
311,短视频投放,实验组,1,0,0.0,0,0.0
312,站内活动,对照组,0,0,0.0,0,0.0
313,短视频投放,对照组,0,0,0.0,0,0.0
314,自然流量,对照组,0,0,0.0,0,0.0
315,自然流量,对照组,0,0,0.0,0,0.0
316,达人推荐,实验组,1,0,0.0,0,0.0
317,短视频投放,实验组,1,0,0.0,0,0.0
318,自然流量,对照组,0,0,0.0,0,0.0
319,达人推荐,实验组,1,1,68.02,10,58.02
320,站内活动,实验组,1,0,0.0,0,0.0
321,短视频投放,对照组,0,0,0.0,0,0.0
322,短视频投放,对照组,0,1,55.92,0,55.92
323,自然流量,实验组,1,1,87.48,10,77.48
324,达人推荐,对照组,0,1,53.19,0,53.19
325,自然流量,对照组,0,0,0.0,0,0.0
326,站内活动,对照组,0,0,0.0,0,0.0
327,短视频投放,实验组,1,1,30.95,10,20.95
328,短视频投放,实验组,1,0,0.0,0,0.0
329,自然流量,对照组,0,1,120.32,0,120.32
330,自然流量,对照组,0,0,0.0,0,0.0
331,达人推荐,实验组,1,0,0.0,0,0.0
332,短视频投放,对照组,0,0,0.0,0,0.0
333,短视频投放,实验组,1,0,0.0,0,0.0
334,站内活动,对照组,0,0,0.0,0,0.0
335,站内活动,对照组,0,0,0.0,0,0.0
336,站内活动,实验组,1,0,0.0,0,0.0
337,自然流量,对照组,0,0,0.0,0,0.0
338,短视频投放,实验组,1,1,79.58,10,69.58
339,站内活动,对照组,0,0,0.0,0,0.0
340,短视频投放,对照组,0,0,0.0,0,0.0
341,自然流量,对照组,0,1,127.25,0,127.25
342,站内活动,对照组,0,0,0.0,0,0.0
343,短视频投放,实验组,1,1,78.26,10,68.26
344,短视频投放,对照组,0,0,0.0,0,0.0
345,站内活动,对照组,0,0,0.0,0,0.0
346,达人推荐,对照组,0,0,0.0,0,0.0
347,短视频投放,对照组,0,0,0.0,0,0.0
348,短视频投放,实验组,1,1,49.1,10,39.1
349,短视频投放,实验组,1,0,0.0,0,0.0
350,自然流量,对照组,0,0,0.0,0,0.0
351,达人推荐,实验组,1,0,0.0,0,0.0
352,站内活动,对照组,0,1,59.63,0,59.63
353,自然流量,实验组,1,0,0.0,0,0.0
354,自然流量,实验组,1,0,0.0,0,0.0
355,站内活动,实验组,1,0,0.0,0,0.0
356,自然流量,对照组,0,0,0.0,0,0.0
357,短视频投放,实验组,1,0,0.0,0,0.0
358,短视频投放,实验组,1,0,0.0,0,0.0
359,达人推荐,实验组,1,0,0.0,0,0.0
360,自然流量,对照组,0,0,0.0,0,0.0
361,达人推荐,对照组,0,1,46.71,0,46.71
362,短视频投放,实验组,1,0,0.0,0,0.0
363,达人推荐,对照组,0,0,0.0,0,0.0
364,自然流量,对照组,0,0,0.0,0,0.0
365,短视频投放,对照组,0,0,0.0,0,0.0
366,短视频投放,实验组,1,0,0.0,0,0.0
367,自然流量,对照组,0,0,0.0,0,0.0
368,自然流量,实验组,1,1,69.26,10,59.26
369,自然流量,对照组,0,0,0.0,0,0.0
370,自然流量,实验组,1,0,0.0,0,0.0
371,自然流量,实验组,1,0,0.0,0,0.0
372,站内活动,实验组,1,0,0.0,0,0.0
373,短视频投放,对照组,0,0,0.0,0,0.0
374,站内活动,实验组,1,0,0.0,0,0.0
375,站内活动,对照组,0,0,0.0,0,0.0
376,自然流量,实验组,1,0,0.0,0,0.0
377,达人推荐,对照组,0,0,0.0,0,0.0
378,站内活动,实验组,1,0,0.0,0,0.0
379,达人推荐,实验组,1,0,0.0,0,0.0
380,短视频投放,对照组,0,0,0.0,0,0.0
381,短视频投放,实验组,1,0,0.0,0,0.0
382,自然流量,对照组,0,0,0.0,0,0.0
383,短视频投放,实验组,1,0,0.0,0,0.0
384,站内活动,实验组,1,0,0.0,0,0.0
385,站内活动,实验组,1,0,0.0,0,0.0
386,自然流量,实验组,1,0,0.0,0,0.0
387,达人推荐,实验组,1,0,0.0,0,0.0
388,自然流量,对照组,0,0,0.0,0,0.0
389,站内活动,对照组,0,0,0.0,0,0.0
390,自然流量,实验组,1,0,0.0,0,0.0
391,站内活动,对照组,0,0,0.0,0,0.0
392,站内活动,实验组,1,0,0.0,0,0.0
393,自然流量,对照组,0,0,0.0,0,0.0
394,自然流量,实验组,1,0,0.0,0,0.0
395,站内活动,对照组,0,0,0.0,0,0.0
396,自然流量,对照组,0,0,0.0,0,0.0
397,短视频投放,实验组,1,0,0.0,0,0.0
398,站内活动,对照组,0,0,0.0,0,0.0
399,短视频投放,对照组,0,0,0.0,0,0.0
400,短视频投放,对照组,0,0,0.0,0,0.0
401,短视频投放,实验组,1,0,0.0,0,0.0
402,自然流量,实验组,1,0,0.0,0,0.0
403,站内活动,实验组,1,0,0.0,0,0.0
404,自然流量,实验组,1,0,0.0,0,0.0
405,自然流量,实验组,1,0,0.0,0,0.0
406,自然流量,对照组,0,0,0.0,0,0.0
407,站内活动,实验组,1,0,0.0,0,0.0
408,自然流量,对照组,0,0,0.0,0,0.0
409,站内活动,实验组,1,0,0.0,0,0.0
410,达人推荐,对照组,0,0,0.0,0,0.0
411,站内活动,实验组,1,0,0.0,0,0.0
412,站内活动,对照组,0,0,0.0,0,0.0
413,站内活动,对照组,0,0,0.0,0,0.0
414,站内活动,对照组,0,0,0.0,0,0.0
415,自然流量,实验组,1,0,0.0,0,0.0
416,达人推荐,实验组,1,0,0.0,0,0.0
417,短视频投放,对照组,0,0,0.0,0,0.0
418,短视频投放,对照组,0,0,0.0,0,0.0
419,站内活动,实验组,1,0,0.0,0,0.0
420,站内活动,对照组,0,0,0.0,0,0.0
421,达人推荐,实验组,1,0,0.0,0,0.0
422,短视频投放,实验组,1,1,38.96,10,28.96
423,短视频投放,对照组,0,0,0.0,0,0.0
424,短视频投放,对照组,0,0,0.0,0,0.0
425,短视频投放,实验组,1,1,118.73,10,108.73
426,短视频投放,实验组,1,0,0.0,0,0.0
427,自然流量,实验组,1,0,0.0,0,0.0
428,自然流量,实验组,1,0,0.0,0,0.0
429,达人推荐,对照组,0,1,109.3,0,109.3
430,短视频投放,对照组,0,0,0.0,0,0.0
431,站内活动,对照组,0,0,0.0,0,0.0
432,达人推荐,实验组,1,0,0.0,0,0.0
433,自然流量,实验组,1,1,87.82,10,77.82
434,自然流量,对照组,0,0,0.0,0,0.0
435,自然流量,实验组,1,0,0.0,0,0.0
436,站内活动,实验组,1,0,0.0,0,0.0
437,自然流量,对照组,0,0,0.0,0,0.0
438,短视频投放,实验组,1,0,0.0,0,0.0
439,站内活动,实验组,1,1,80.74,10,70.74
440,站内活动,实验组,1,0,0.0,0,0.0
441,自然流量,对照组,0,0,0.0,0,0.0
442,自然流量,实验组,1,0,0.0,0,0.0
443,自然流量,对照组,0,0,0.0,0,0.0
444,自然流量,实验组,1,0,0.0,0,0.0
445,自然流量,实验组,1,0,0.0,0,0.0
446,短视频投放,实验组,1,0,0.0,0,0.0
447,站内活动,对照组,0,0,0.0,0,0.0
448,短视频投放,实验组,1,0,0.0,0,0.0
449,达人推荐,对照组,0,0,0.0,0,0.0
450,自然流量,对照组,0,0,0.0,0,0.0
451,站内活动,对照组,0,0,0.0,0,0.0
452,达人推荐,实验组,1,0,0.0,0,0.0
453,站内活动,实验组,1,0,0.0,0,0.0
454,站内活动,对照组,0,0,0.0,0,0.0
455,自然流量,实验组,1,0,0.0,0,0.0
456,自然流量,实验组,1,0,0.0,0,0.0
457,自然流量,对照组,0,1,26.91,0,26.91
458,短视频投放,对照组,0,0,0.0,0,0.0
459,站内活动,实验组,1,0,0.0,0,0.0
460,短视频投放,实验组,1,0,0.0,0,0.0
461,达人推荐,对照组,0,0,0.0,0,0.0
462,短视频投放,对照组,0,1,122.41,0,122.41
463,自然流量,对照组,0,0,0.0,0,0.0
464,自然流量,对照组,0,0,0.0,0,0.0
465,达人推荐,实验组,1,0,0.0,0,0.0
466,达人推荐,实验组,1,0,0.0,0,0.0
467,短视频投放,实验组,1,0,0.0,0,0.0
468,自然流量,对照组,0,0,0.0,0,0.0
469,达人推荐,实验组,1,0,0.0,0,0.0
470,自然流量,实验组,1,0,0.0,0,0.0
471,站内活动,实验组,1,0,0.0,0,0.0
472,自然流量,对照组,0,0,0.0,0,0.0
473,自然流量,实验组,1,0,0.0,0,0.0
474,短视频投放,对照组,0,0,0.0,0,0.0
475,短视频投放,实验组,1,0,0.0,0,0.0
476,短视频投放,对照组,0,0,0.0,0,0.0
477,短视频投放,对照组,0,0,0.0,0,0.0
478,站内活动,对照组,0,0,0.0,0,0.0
479,短视频投放,实验组,1,0,0.0,0,0.0
480,短视频投放,对照组,0,0,0.0,0,0.0
481,短视频投放,实验组,1,0,0.0,0,0.0
482,自然流量,实验组,1,1,74.66,10,64.66
483,短视频投放,实验组,1,0,0.0,0,0.0
484,自然流量,实验组,1,0,0.0,0,0.0
485,达人推荐,实验组,1,0,0.0,0,0.0
486,自然流量,对照组,0,0,0.0,0,0.0
487,站内活动,实验组,1,1,134.82,10,124.82
488,短视频投放,实验组,1,1,118.23,10,108.23
489,站内活动,对照组,0,1,36.58,0,36.58
490,短视频投放,实验组,1,1,37.49,10,27.49
491,自然流量,对照组,0,0,0.0,0,0.0
492,站内活动,对照组,0,0,0.0,0,0.0
493,达人推荐,对照组,0,0,0.0,0,0.0
494,达人推荐,对照组,0,0,0.0,0,0.0
495,短视频投放,对照组,0,0,0.0,0,0.0
496,达人推荐,对照组,0,0,0.0,0,0.0
497,站内活动,对照组,0,0,0.0,0,0.0
498,达人推荐,实验组,1,0,0.0,0,0.0
499,自然流量,实验组,1,0,0.0,0,0.0
500,达人推荐,实验组,1,0,0.0,0,0.0
501,达人推荐,对照组,0,0,0.0,0,0.0
502,站内活动,实验组,1,0,0.0,0,0.0
503,短视频投放,对照组,0,0,0.0,0,0.0
504,短视频投放,实验组,1,0,0.0,0,0.0
505,站内活动,实验组,1,0,0.0,0,0.0
506,短视频投放,实验组,1,0,0.0,0,0.0
507,达人推荐,实验组,1,0,0.0,0,0.0
508,短视频投放,实验组,1,0,0.0,0,0.0
509,自然流量,实验组,1,1,85.45,10,75.45
510,达人推荐,对照组,0,0,0.0,0,0.0
511,自然流量,实验组,1,1,101.53,10,91.53
512,自然流量,实验组,1,0,0.0,0,0.0
513,达人推荐,对照组,0,0,0.0,0,0.0
514,达人推荐,实验组,1,0,0.0,0,0.0
515,站内活动,对照组,0,0,0.0,0,0.0
516,自然流量,对照组,0,0,0.0,0,0.0
517,自然流量,实验组,1,0,0.0,0,0.0
518,站内活动,对照组,0,0,0.0,0,0.0
519,自然流量,对照组,0,0,0.0,0,0.0
520,自然流量,实验组,1,0,0.0,0,0.0
521,自然流量,对照组,0,0,0.0,0,0.0
522,短视频投放,对照组,0,0,0.0,0,0.0
523,站内活动,对照组,0,0,0.0,0,0.0
524,达人推荐,对照组,0,0,0.0,0,0.0
525,达人推荐,实验组,1,0,0.0,0,0.0
526,自然流量,对照组,0,0,0.0,0,0.0
527,短视频投放,对照组,0,0,0.0,0,0.0
528,短视频投放,对照组,0,1,46.77,0,46.77
529,自然流量,实验组,1,0,0.0,0,0.0
530,自然流量,对照组,0,0,0.0,0,0.0
531,自然流量,对照组,0,0,0.0,0,0.0
532,自然流量,对照组,0,0,0.0,0,0.0
533,短视频投放,实验组,1,0,0.0,0,0.0
534,达人推荐,对照组,0,0,0.0,0,0.0
535,自然流量,对照组,0,0,0.0,0,0.0
536,短视频投放,实验组,1,0,0.0,0,0.0
537,达人推荐,对照组,0,0,0.0,0,0.0
538,达人推荐,实验组,1,0,0.0,0,0.0
539,站内活动,对照组,0,0,0.0,0,0.0
540,短视频投放,对照组,0,0,0.0,0,0.0
541,站内活动,对照组,0,0,0.0,0,0.0
542,自然流量,对照组,0,0,0.0,0,0.0
543,短视频投放,对照组,0,0,0.0,0,0.0
544,自然流量,实验组,1,0,0.0,0,0.0
545,短视频投放,对照组,0,0,0.0,0,0.0
546,短视频投放,对照组,0,0,0.0,0,0.0
547,自然流量,实验组,1,1,157.92,10,147.92
548,达人推荐,实验组,1,0,0.0,0,0.0
549,自然流量,对照组,0,0,0.0,0,0.0
550,自然流量,对照组,0,1,59.52,0,59.52
551,自然流量,对照组,0,0,0.0,0,0.0
552,短视频投放,实验组,1,0,0.0,0,0.0
553,自然流量,实验组,1,0,0.0,0,0.0
554,短视频投放,对照组,0,0,0.0,0,0.0
555,自然流量,对照组,0,0,0.0,0,0.0
556,达人推荐,对照组,0,1,110.0,0,110.0
557,站内活动,对照组,0,1,43.11,0,43.11
558,短视频投放,实验组,1,0,0.0,0,0.0
559,达人推荐,对照组,0,0,0.0,0,0.0
560,站内活动,对照组,0,0,0.0,0,0.0
561,站内活动,对照组,0,0,0.0,0,0.0
562,达人推荐,实验组,1,0,0.0,0,0.0
563,站内活动,实验组,1,0,0.0,0,0.0
564,站内活动,对照组,0,0,0.0,0,0.0
565,达人推荐,实验组,1,0,0.0,0,0.0
566,短视频投放,实验组,1,0,0.0,0,0.0
567,自然流量,对照组,0,0,0.0,0,0.0
568,自然流量,对照组,0,1,42.35,0,42.35
569,短视频投放,对照组,0,0,0.0,0,0.0
570,短视频投放,对照组,0,0,0.0,0,0.0
571,短视频投放,对照组,0,0,0.0,0,0.0
572,短视频投放,对照组,0,0,0.0,0,0.0
573,短视频投放,对照组,0,0,0.0,0,0.0
574,站内活动,对照组,0,1,44.6,0,44.6
575,自然流量,实验组,1,0,0.0,0,0.0
576,自然流量,实验组,1,0,0.0,0,0.0
577,达人推荐,对照组,0,0,0.0,0,0.0
578,站内活动,实验组,1,0,0.0,0,0.0
579,站内活动,实验组,1,1,50.71,10,40.71
580,站内活动,对照组,0,0,0.0,0,0.0
581,站内活动,对照组,0,0,0.0,0,0.0
582,自然流量,实验组,1,1,40.14,10,30.14
583,短视频投放,实验组,1,0,0.0,0,0.0
584,自然流量,对照组,0,0,0.0,0,0.0
585,达人推荐,实验组,1,0,0.0,0,0.0
586,站内活动,对照组,0,0,0.0,0,0.0
587,自然流量,实验组,1,0,0.0,0,0.0
588,短视频投放,对照组,0,0,0.0,0,0.0
589,自然流量,实验组,1,0,0.0,0,0.0
590,自然流量,实验组,1,0,0.0,0,0.0
591,自然流量,实验组,1,1,25.73,10,15.73
592,自然流量,对照组,0,0,0.0,0,0.0
593,站内活动,对照组,0,0,0.0,0,0.0
594,短视频投放,实验组,1,0,0.0,0,0.0
595,站内活动,实验组,1,0,0.0,0,0.0
596,达人推荐,实验组,1,0,0.0,0,0.0
597,自然流量,对照组,0,0,0.0,0,0.0
598,自然流量,实验组,1,0,0.0,0,0.0
599,站内活动,对照组,0,0,0.0,0,0.0
600,自然流量,实验组,1,0,0.0,0,0.0
601,站内活动,对照组,0,0,0.0,0,0.0
602,自然流量,对照组,0,0,0.0,0,0.0
603,达人推荐,对照组,0,0,0.0,0,0.0
604,站内活动,实验组,1,0,0.0,0,0.0
605,自然流量,对照组,0,0,0.0,0,0.0
606,自然流量,对照组,0,0,0.0,0,0.0
607,站内活动,对照组,0,0,0.0,0,0.0
608,自然流量,实验组,1,0,0.0,0,0.0
609,短视频投放,对照组,0,0,0.0,0,0.0
610,短视频投放,对照组,0,0,0.0,0,0.0
611,自然流量,对照组,0,0,0.0,0,0.0
612,达人推荐,实验组,1,0,0.0,0,0.0
613,达人推荐,对照组,0,0,0.0,0,0.0
614,短视频投放,对照组,0,1,99.19,0,99.19
615,站内活动,对照组,0,1,70.19,0,70.19
616,自然流量,对照组,0,1,98.0,0,98.0
617,自然流量,实验组,1,0,0.0,0,0.0
618,短视频投放,对照组,0,0,0.0,0,0.0
619,站内活动,实验组,1,0,0.0,0,0.0
620,自然流量,实验组,1,0,0.0,0,0.0
621,自然流量,对照组,0,0,0.0,0,0.0
622,短视频投放,对照组,0,0,0.0,0,0.0
623,站内活动,对照组,0,0,0.0,0,0.0
624,自然流量,实验组,1,0,0.0,0,0.0
625,短视频投放,对照组,0,0,0.0,0,0.0
626,达人推荐,对照组,0,0,0.0,0,0.0
627,短视频投放,实验组,1,0,0.0,0,0.0
628,自然流量,对照组,0,0,0.0,0,0.0
629,自然流量,对照组,0,0,0.0,0,0.0
630,短视频投放,实验组,1,0,0.0,0,0.0
631,短视频投放,实验组,1,0,0.0,0,0.0
632,站内活动,对照组,0,0,0.0,0,0.0
633,达人推荐,对照组,0,0,0.0,0,0.0
634,达人推荐,对照组,0,0,0.0,0,0.0
635,站内活动,对照组,0,0,0.0,0,0.0
636,短视频投放,对照组,0,0,0.0,0,0.0
637,短视频投放,对照组,0,0,0.0,0,0.0
638,站内活动,对照组,0,0,0.0,0,0.0
639,自然流量,实验组,1,0,0.0,0,0.0
640,达人推荐,实验组,1,0,0.0,0,0.0
641,达人推荐,对照组,0,0,0.0,0,0.0
642,自然流量,实验组,1,0,0.0,0,0.0
643,短视频投放,实验组,1,0,0.0,0,0.0
644,自然流量,实验组,1,1,63.97,10,53.97
645,自然流量,实验组,1,0,0.0,0,0.0
646,短视频投放,对照组,0,0,0.0,0,0.0
647,自然流量,对照组,0,0,0.0,0,0.0
648,达人推荐,实验组,1,0,0.0,0,0.0
649,站内活动,对照组,0,0,0.0,0,0.0
650,站内活动,实验组,1,0,0.0,0,0.0
651,自然流量,对照组,0,0,0.0,0,0.0
652,自然流量,对照组,0,0,0.0,0,0.0
653,自然流量,对照组,0,0,0.0,0,0.0
654,自然流量,实验组,1,0,0.0,0,0.0
655,站内活动,对照组,0,0,0.0,0,0.0
656,短视频投放,实验组,1,0,0.0,0,0.0
657,自然流量,对照组,0,0,0.0,0,0.0
658,站内活动,对照组,0,0,0.0,0,0.0
659,短视频投放,对照组,0,0,0.0,0,0.0
660,自然流量,对照组,0,0,0.0,0,0.0
661,自然流量,对照组,0,0,0.0,0,0.0
662,达人推荐,对照组,0,0,0.0,0,0.0
663,达人推荐,对照组,0,0,0.0,0,0.0
664,自然流量,实验组,1,1,93.42,10,83.42
665,站内活动,对照组,0,0,0.0,0,0.0
666,站内活动,实验组,1,0,0.0,0,0.0
667,站内活动,实验组,1,0,0.0,0,0.0
668,自然流量,对照组,0,0,0.0,0,0.0
669,自然流量,对照组,0,0,0.0,0,0.0
670,站内活动,实验组,1,0,0.0,0,0.0
671,自然流量,对照组,0,0,0.0,0,0.0
672,达人推荐,对照组,0,0,0.0,0,0.0
673,达人推荐,对照组,0,0,0.0,0,0.0
674,自然流量,对照组,0,0,0.0,0,0.0
675,达人推荐,实验组,1,0,0.0,0,0.0
676,站内活动,实验组,1,0,0.0,0,0.0
677,达人推荐,实验组,1,0,0.0,0,0.0
678,短视频投放,实验组,1,1,100.58,10,90.58
679,站内活动,实验组,1,0,0.0,0,0.0
680,短视频投放,实验组,1,0,0.0,0,0.0
681,达人推荐,实验组,1,0,0.0,0,0.0
682,站内活动,实验组,1,0,0.0,0,0.0
683,达人推荐,对照组,0,1,156.12,0,156.12
684,自然流量,对照组,0,0,0.0,0,0.0
685,自然流量,对照组,0,0,0.0,0,0.0
686,自然流量,对照组,0,0,0.0,0,0.0
687,短视频投放,对照组,0,0,0.0,0,0.0
688,短视频投放,实验组,1,0,0.0,0,0.0
689,短视频投放,对照组,0,0,0.0,0,0.0
690,短视频投放,对照组,0,0,0.0,0,0.0
691,达人推荐,实验组,1,1,94.68,10,84.68
692,站内活动,对照组,0,0,0.0,0,0.0
693,自然流量,对照组,0,1,59.26,0,59.26
694,达人推荐,实验组,1,0,0.0,0,0.0
695,达人推荐,对照组,0,0,0.0,0,0.0
696,短视频投放,对照组,0,0,0.0,0,0.0
697,自然流量,对照组,0,0,0.0,0,0.0
698,达人推荐,对照组,0,0,0.0,0,0.0
699,站内活动,对照组,0,0,0.0,0,0.0
700,达人推荐,对照组,0,1,33.33,0,33.33
701,站内活动,实验组,1,0,0.0,0,0.0
702,站内活动,实验组,1,0,0.0,0,0.0
703,短视频投放,对照组,0,1,55.66,0,55.66
704,达人推荐,实验组,1,0,0.0,0,0.0
705,短视频投放,实验组,1,1,112.15,10,102.15
706,站内活动,实验组,1,0,0.0,0,0.0
707,自然流量,实验组,1,0,0.0,0,0.0
708,短视频投放,对照组,0,0,0.0,0,0.0
709,站内活动,对照组,0,0,0.0,0,0.0
710,自然流量,实验组,1,0,0.0,0,0.0
711,达人推荐,实验组,1,0,0.0,0,0.0
712,短视频投放,对照组,0,0,0.0,0,0.0
713,站内活动,实验组,1,0,0.0,0,0.0
714,站内活动,对照组,0,0,0.0,0,0.0
715,自然流量,实验组,1,0,0.0,0,0.0
716,达人推荐,对照组,0,0,0.0,0,0.0
717,自然流量,对照组,0,0,0.0,0,0.0
718,达人推荐,对照组,0,1,89.37,0,89.37
719,达人推荐,对照组,0,1,38.79,0,38.79
720,站内活动,实验组,1,1,107.25,10,97.25
721,自然流量,对照组,0,0,0.0,0,0.0
722,自然流量,对照组,0,0,0.0,0,0.0
723,达人推荐,对照组,0,0,0.0,0,0.0
724,短视频投放,对照组,0,1,79.84,0,79.84
725,短视频投放,对照组,0,0,0.0,0,0.0
726,自然流量,对照组,0,0,0.0,0,0.0
727,自然流量,对照组,0,0,0.0,0,0.0
728,站内活动,对照组,0,0,0.0,0,0.0
729,自然流量,对照组,0,0,0.0,0,0.0
730,短视频投放,对照组,0,0,0.0,0,0.0
731,站内活动,对照组,0,0,0.0,0,0.0
732,自然流量,对照组,0,0,0.0,0,0.0
733,达人推荐,对照组,0,0,0.0,0,0.0
734,自然流量,实验组,1,1,50.45,10,40.45
735,站内活动,实验组,1,0,0.0,0,0.0
736,达人推荐,实验组,1,1,43.5,10,33.5
737,站内活动,实验组,1,0,0.0,0,0.0
738,自然流量,对照组,0,1,50.05,0,50.05
739,短视频投放,对照组,0,0,0.0,0,0.0
740,达人推荐,实验组,1,0,0.0,0,0.0
741,自然流量,对照组,0,0,0.0,0,0.0
742,自然流量,实验组,1,0,0.0,0,0.0
743,自然流量,对照组,0,0,0.0,0,0.0
744,站内活动,实验组,1,0,0.0,0,0.0
745,达人推荐,对照组,0,0,0.0,0,0.0
746,达人推荐,对照组,0,0,0.0,0,0.0
747,达人推荐,对照组,0,0,0.0,0,0.0
748,短视频投放,实验组,1,0,0.0,0,0.0
749,短视频投放,对照组,0,0,0.0,0,0.0
750,短视频投放,对照组,0,1,81.93,0,81.93
751,达人推荐,对照组,0,0,0.0,0,0.0
752,自然流量,实验组,1,0,0.0,0,0.0
753,站内活动,对照组,0,0,0.0,0,0.0
754,站内活动,实验组,1,1,87.84,10,77.84
755,自然流量,实验组,1,0,0.0,0,0.0
756,短视频投放,实验组,1,0,0.0,0,0.0
757,自然流量,对照组,0,0,0.0,0,0.0
758,站内活动,对照组,0,1,100.95,0,100.95
759,站内活动,对照组,0,0,0.0,0,0.0
760,站内活动,对照组,0,0,0.0,0,0.0
761,自然流量,对照组,0,0,0.0,0,0.0
762,自然流量,对照组,0,0,0.0,0,0.0
763,自然流量,对照组,0,0,0.0,0,0.0
764,自然流量,对照组,0,1,142.16,0,142.16
765,自然流量,对照组,0,0,0.0,0,0.0
766,自然流量,对照组,0,0,0.0,0,0.0
767,站内活动,实验组,1,0,0.0,0,0.0
768,自然流量,对照组,0,1,28.52,0,28.52
769,自然流量,实验组,1,0,0.0,0,0.0
770,站内活动,对照组,0,0,0.0,0,0.0
771,短视频投放,对照组,0,0,0.0,0,0.0
772,达人推荐,对照组,0,0,0.0,0,0.0
773,达人推荐,对照组,0,1,231.47,0,231.47
774,站内活动,实验组,1,0,0.0,0,0.0
775,达人推荐,实验组,1,0,0.0,0,0.0
776,短视频投放,对照组,0,0,0.0,0,0.0
777,达人推荐,对照组,0,0,0.0,0,0.0
778,短视频投放,对照组,0,0,0.0,0,0.0
779,自然流量,对照组,0,0,0.0,0,0.0
780,短视频投放,对照组,0,1,80.73,0,80.73
781,自然流量,对照组,0,0,0.0,0,0.0
782,达人推荐,对照组,0,0,0.0,0,0.0
783,自然流量,对照组,0,0,0.0,0,0.0
784,自然流量,对照组,0,0,0.0,0,0.0
785,自然流量,实验组,1,0,0.0,0,0.0
786,站内活动,对照组,0,0,0.0,0,0.0
787,自然流量,对照组,0,0,0.0,0,0.0
788,达人推荐,对照组,0,0,0.0,0,0.0
789,站内活动,实验组,1,0,0.0,0,0.0
790,自然流量,对照组,0,0,0.0,0,0.0
791,达人推荐,实验组,1,0,0.0,0,0.0
792,自然流量,实验组,1,0,0.0,0,0.0
793,自然流量,实验组,1,0,0.0,0,0.0
794,达人推荐,实验组,1,0,0.0,0,0.0
795,站内活动,对照组,0,1,163.32,0,163.32
796,自然流量,对照组,0,0,0.0,0,0.0
797,短视频投放,实验组,1,0,0.0,0,0.0
798,自然流量,对照组,0,0,0.0,0,0.0
799,短视频投放,实验组,1,0,0.0,0,0.0
800,达人推荐,实验组,1,0,0.0,0,0.0
801,达人推荐,对照组,0,0,0.0,0,0.0
802,达人推荐,对照组,0,0,0.0,0,0.0
803,自然流量,对照组,0,0,0.0,0,0.0
804,达人推荐,实验组,1,0,0.0,0,0.0
805,达人推荐,实验组,1,1,174.7,10,164.7
806,达人推荐,实验组,1,0,0.0,0,0.0
807,自然流量,对照组,0,0,0.0,0,0.0
808,短视频投放,对照组,0,0,0.0,0,0.0
809,短视频投放,对照组,0,0,0.0,0,0.0
810,自然流量,对照组,0,0,0.0,0,0.0
811,自然流量,实验组,1,1,130.94,10,120.94
812,短视频投放,对照组,0,0,0.0,0,0.0
813,达人推荐,对照组,0,1,74.8,0,74.8
814,自然流量,实验组,1,1,85.15,10,75.15
815,站内活动,实验组,1,0,0.0,0,0.0
816,短视频投放,实验组,1,0,0.0,0,0.0
817,达人推荐,对照组,0,0,0.0,0,0.0
818,短视频投放,对照组,0,0,0.0,0,0.0
819,短视频投放,实验组,1,0,0.0,0,0.0
820,达人推荐,对照组,0,0,0.0,0,0.0
821,站内活动,实验组,1,0,0.0,0,0.0
822,短视频投放,对照组,0,0,0.0,0,0.0
823,短视频投放,实验组,1,0,0.0,0,0.0
824,达人推荐,对照组,0,0,0.0,0,0.0
825,达人推荐,实验组,1,0,0.0,0,0.0
826,自然流量,对照组,0,0,0.0,0,0.0
827,短视频投放,实验组,1,0,0.0,0,0.0
828,短视频投放,对照组,0,0,0.0,0,0.0
829,站内活动,对照组,0,0,0.0,0,0.0
830,短视频投放,实验组,1,0,0.0,0,0.0
831,短视频投放,对照组,0,0,0.0,0,0.0
832,站内活动,实验组,1,0,0.0,0,0.0
833,短视频投放,实验组,1,0,0.0,0,0.0
834,自然流量,实验组,1,0,0.0,0,0.0
835,自然流量,实验组,1,0,0.0,0,0.0
836,自然流量,实验组,1,0,0.0,0,0.0
837,自然流量,对照组,0,0,0.0,0,0.0
838,短视频投放,实验组,1,0,0.0,0,0.0
839,达人推荐,对照组,0,0,0.0,0,0.0
840,达人推荐,对照组,0,0,0.0,0,0.0
841,自然流量,对照组,0,0,0.0,0,0.0
842,短视频投放,实验组,1,0,0.0,0,0.0
843,自然流量,实验组,1,0,0.0,0,0.0
844,站内活动,实验组,1,0,0.0,0,0.0
845,自然流量,对照组,0,0,0.0,0,0.0
846,达人推荐,对照组,0,0,0.0,0,0.0
847,自然流量,实验组,1,0,0.0,0,0.0
848,达人推荐,实验组,1,0,0.0,0,0.0
849,短视频投放,对照组,0,0,0.0,0,0.0
850,达人推荐,实验组,1,0,0.0,0,0.0
851,自然流量,对照组,0,0,0.0,0,0.0
852,站内活动,对照组,0,0,0.0,0,0.0
853,短视频投放,实验组,1,0,0.0,0,0.0
854,达人推荐,实验组,1,0,0.0,0,0.0
855,站内活动,实验组,1,0,0.0,0,0.0
856,站内活动,对照组,0,0,0.0,0,0.0
857,自然流量,对照组,0,0,0.0,0,0.0
858,自然流量,对照组,0,0,0.0,0,0.0
859,自然流量,实验组,1,1,54.7,10,44.7
860,自然流量,实验组,1,0,0.0,0,0.0
861,短视频投放,对照组,0,1,55.82,0,55.82
862,站内活动,对照组,0,0,0.0,0,0.0
863,站内活动,实验组,1,0,0.0,0,0.0
864,短视频投放,对照组,0,0,0.0,0,0.0
865,达人推荐,对照组,0,0,0.0,0,0.0
866,站内活动,实验组,1,0,0.0,0,0.0
867,站内活动,对照组,0,0,0.0,0,0.0
868,自然流量,实验组,1,1,62.83,10,52.83
869,短视频投放,实验组,1,1,55.22,10,45.22
870,站内活动,对照组,0,0,0.0,0,0.0
871,自然流量,对照组,0,0,0.0,0,0.0
872,短视频投放,对照组,0,0,0.0,0,0.0
873,站内活动,对照组,0,0,0.0,0,0.0
874,站内活动,实验组,1,0,0.0,0,0.0
875,站内活动,对照组,0,0,0.0,0,0.0
876,达人推荐,对照组,0,0,0.0,0,0.0
877,自然流量,实验组,1,0,0.0,0,0.0
878,自然流量,对照组,0,0,0.0,0,0.0
879,短视频投放,实验组,1,0,0.0,0,0.0
880,短视频投放,实验组,1,1,35.19,10,25.19
881,短视频投放,实验组,1,0,0.0,0,0.0
882,达人推荐,对照组,0,0,0.0,0,0.0
883,短视频投放,对照组,0,0,0.0,0,0.0
884,达人推荐,对照组,0,0,0.0,0,0.0
885,自然流量,实验组,1,0,0.0,0,0.0
886,自然流量,实验组,1,0,0.0,0,0.0
887,自然流量,实验组,1,0,0.0,0,0.0
888,自然流量,实验组,1,0,0.0,0,0.0
889,站内活动,对照组,0,0,0.0,0,0.0
890,短视频投放,对照组,0,0,0.0,0,0.0
891,自然流量,实验组,1,0,0.0,0,0.0
892,达人推荐,对照组,0,0,0.0,0,0.0
893,短视频投放,实验组,1,0,0.0,0,0.0
894,自然流量,对照组,0,0,0.0,0,0.0
895,自然流量,对照组,0,0,0.0,0,0.0
896,自然流量,对照组,0,0,0.0,0,0.0
897,达人推荐,对照组,0,1,119.61,0,119.61
898,自然流量,对照组,0,0,0.0,0,0.0
899,自然流量,对照组,0,0,0.0,0,0.0
900,自然流量,对照组,0,0,0.0,0,0.0
901,短视频投放,对照组,0,0,0.0,0,0.0
902,自然流量,对照组,0,0,0.0,0,0.0
903,站内活动,实验组,1,0,0.0,0,0.0
904,自然流量,实验组,1,1,46.32,10,36.32
905,达人推荐,实验组,1,0,0.0,0,0.0
906,短视频投放,对照组,0,1,90.18,0,90.18
907,短视频投放,实验组,1,1,36.96,10,26.96
908,自然流量,对照组,0,1,53.35,0,53.35
909,站内活动,实验组,1,0,0.0,0,0.0
910,站内活动,对照组,0,0,0.0,0,0.0
911,自然流量,实验组,1,0,0.0,0,0.0
912,自然流量,实验组,1,0,0.0,0,0.0
913,站内活动,对照组,0,0,0.0,0,0.0
914,短视频投放,实验组,1,1,75.85,10,65.85
915,自然流量,实验组,1,0,0.0,0,0.0
916,自然流量,实验组,1,0,0.0,0,0.0
917,达人推荐,实验组,1,0,0.0,0,0.0
918,达人推荐,对照组,0,0,0.0,0,0.0
919,短视频投放,对照组,0,0,0.0,0,0.0
920,站内活动,对照组,0,0,0.0,0,0.0
921,短视频投放,实验组,1,0,0.0,0,0.0
922,自然流量,实验组,1,0,0.0,0,0.0
923,短视频投放,对照组,0,0,0.0,0,0.0
924,短视频投放,对照组,0,0,0.0,0,0.0
925,自然流量,对照组,0,1,43.2,0,43.2
926,自然流量,对照组,0,0,0.0,0,0.0
927,短视频投放,实验组,1,0,0.0,0,0.0
928,达人推荐,实验组,1,0,0.0,0,0.0
929,自然流量,对照组,0,0,0.0,0,0.0
930,短视频投放,实验组,1,0,0.0,0,0.0
931,达人推荐,实验组,1,0,0.0,0,0.0
932,达人推荐,对照组,0,0,0.0,0,0.0
933,达人推荐,实验组,1,0,0.0,0,0.0
934,站内活动,对照组,0,0,0.0,0,0.0
935,达人推荐,实验组,1,0,0.0,0,0.0
936,自然流量,对照组,0,0,0.0,0,0.0
937,短视频投放,实验组,1,0,0.0,0,0.0
938,达人推荐,对照组,0,0,0.0,0,0.0
939,自然流量,实验组,1,0,0.0,0,0.0
940,自然流量,实验组,1,0,0.0,0,0.0
941,自然流量,对照组,0,0,0.0,0,0.0
942,短视频投放,对照组,0,0,0.0,0,0.0
943,短视频投放,对照组,0,0,0.0,0,0.0
944,自然流量,实验组,1,0,0.0,0,0.0
945,站内活动,实验组,1,0,0.0,0,0.0
946,站内活动,实验组,1,0,0.0,0,0.0
947,自然流量,实验组,1,0,0.0,0,0.0
948,站内活动,实验组,1,0,0.0,0,0.0
949,自然流量,对照组,0,0,0.0,0,0.0
950,站内活动,实验组,1,0,0.0,0,0.0
951,站内活动,实验组,1,0,0.0,0,0.0
952,自然流量,实验组,1,0,0.0,0,0.0
953,达人推荐,实验组,1,0,0.0,0,0.0
954,站内活动,对照组,0,0,0.0,0,0.0
955,站内活动,实验组,1,0,0.0,0,0.0
956,站内活动,实验组,1,0,0.0,0,0.0
957,短视频投放,对照组,0,0,0.0,0,0.0
958,自然流量,对照组,0,0,0.0,0,0.0
959,站内活动,实验组,1,0,0.0,0,0.0
960,达人推荐,实验组,1,0,0.0,0,0.0
961,达人推荐,对照组,0,0,0.0,0,0.0
962,短视频投放,实验组,1,0,0.0,0,0.0
963,短视频投放,实验组,1,1,88.35,10,78.35
964,自然流量,实验组,1,0,0.0,0,0.0
965,达人推荐,对照组,0,0,0.0,0,0.0
966,自然流量,对照组,0,0,0.0,0,0.0
967,达人推荐,对照组,0,0,0.0,0,0.0
968,站内活动,实验组,1,0,0.0,0,0.0
969,短视频投放,对照组,0,0,0.0,0,0.0
970,短视频投放,实验组,1,0,0.0,0,0.0
971,自然流量,实验组,1,0,0.0,0,0.0
972,站内活动,对照组,0,0,0.0,0,0.0
973,达人推荐,对照组,0,0,0.0,0,0.0
974,短视频投放,实验组,1,0,0.0,0,0.0
975,自然流量,对照组,0,0,0.0,0,0.0
976,自然流量,实验组,1,0,0.0,0,0.0
977,短视频投放,对照组,0,0,0.0,0,0.0
978,站内活动,实验组,1,1,76.22,10,66.22
979,达人推荐,实验组,1,0,0.0,0,0.0
980,自然流量,对照组,0,0,0.0,0,0.0
981,站内活动,对照组,0,0,0.0,0,0.0
982,短视频投放,对照组,0,0,0.0,0,0.0
983,站内活动,对照组,0,0,0.0,0,0.0
984,自然流量,实验组,1,0,0.0,0,0.0
985,达人推荐,实验组,1,0,0.0,0,0.0
986,站内活动,对照组,0,0,0.0,0,0.0
987,自然流量,实验组,1,0,0.0,0,0.0
988,达人推荐,对照组,0,0,0.0,0,0.0
989,站内活动,对照组,0,0,0.0,0,0.0
990,自然流量,对照组,0,1,91.85,0,91.85
991,自然流量,实验组,1,0,0.0,0,0.0
992,达人推荐,对照组,0,1,86.58,0,86.58
993,自然流量,对照组,0,0,0.0,0,0.0
994,自然流量,对照组,0,0,0.0,0,0.0
995,短视频投放,实验组,1,0,0.0,0,0.0
996,达人推荐,对照组,0,0,0.0,0,0.0
997,自然流量,对照组,0,0,0.0,0,0.0
998,自然流量,实验组,1,0,0.0,0,0.0
999,站内活动,实验组,1,0,0.0,0,0.0
1000,短视频投放,实验组,1,0,0.0,0,0.0
1001,站内活动,对照组,0,1,63.15,0,63.15
1002,短视频投放,实验组,1,0,0.0,0,0.0
1003,站内活动,对照组,0,0,0.0,0,0.0
1004,达人推荐,对照组,0,0,0.0,0,0.0
1005,自然流量,对照组,0,0,0.0,0,0.0
1006,站内活动,实验组,1,1,41.35,10,31.35
1007,短视频投放,对照组,0,0,0.0,0,0.0
1008,自然流量,实验组,1,0,0.0,0,0.0
1009,自然流量,对照组,0,1,60.57,0,60.57
1010,达人推荐,实验组,1,0,0.0,0,0.0
1011,自然流量,对照组,0,0,0.0,0,0.0
1012,自然流量,实验组,1,0,0.0,0,0.0
1013,自然流量,实验组,1,1,53.8,10,43.8
1014,短视频投放,对照组,0,0,0.0,0,0.0
1015,短视频投放,实验组,1,0,0.0,0,0.0
1016,短视频投放,对照组,0,0,0.0,0,0.0
1017,自然流量,对照组,0,0,0.0,0,0.0
1018,自然流量,实验组,1,0,0.0,0,0.0
1019,达人推荐,对照组,0,0,0.0,0,0.0
1020,短视频投放,对照组,0,0,0.0,0,0.0
1021,达人推荐,实验组,1,0,0.0,0,0.0
1022,自然流量,对照组,0,0,0.0,0,0.0
1023,自然流量,实验组,1,0,0.0,0,0.0
1024,自然流量,对照组,0,0,0.0,0,0.0
1025,短视频投放,实验组,1,1,145.08,10,135.08
1026,短视频投放,实验组,1,0,0.0,0,0.0
1027,站内活动,对照组,0,0,0.0,0,0.0
1028,短视频投放,实验组,1,0,0.0,0,0.0
1029,短视频投放,对照组,0,0,0.0,0,0.0
1030,短视频投放,对照组,0,0,0.0,0,0.0
1031,自然流量,实验组,1,0,0.0,0,0.0
1032,短视频投放,对照组,0,0,0.0,0,0.0
1033,自然流量,实验组,1,0,0.0,0,0.0
1034,短视频投放,对照组,0,1,68.78,0,68.78
1035,自然流量,对照组,0,0,0.0,0,0.0
1036,达人推荐,对照组,0,0,0.0,0,0.0
1037,站内活动,实验组,1,0,0.0,0,0.0
1038,自然流量,实验组,1,1,62.61,10,52.61
1039,达人推荐,对照组,0,0,0.0,0,0.0
1040,达人推荐,实验组,1,0,0.0,0,0.0
1041,自然流量,对照组,0,0,0.0,0,0.0
1042,达人推荐,对照组,0,0,0.0,0,0.0
1043,达人推荐,对照组,0,0,0.0,0,0.0
1044,站内活动,对照组,0,0,0.0,0,0.0
1045,站内活动,对照组,0,0,0.0,0,0.0
1046,自然流量,实验组,1,0,0.0,0,0.0
1047,短视频投放,对照组,0,0,0.0,0,0.0
1048,短视频投放,实验组,1,1,72.27,10,62.27
1049,自然流量,对照组,0,0,0.0,0,0.0
1050,自然流量,对照组,0,0,0.0,0,0.0
1051,站内活动,实验组,1,1,43.3,10,33.3
1052,自然流量,实验组,1,0,0.0,0,0.0
1053,短视频投放,对照组,0,0,0.0,0,0.0
1054,站内活动,对照组,0,0,0.0,0,0.0
1055,自然流量,实验组,1,0,0.0,0,0.0
1056,短视频投放,实验组,1,0,0.0,0,0.0
1057,站内活动,对照组,0,0,0.0,0,0.0
1058,短视频投放,对照组,0,0,0.0,0,0.0
1059,自然流量,实验组,1,0,0.0,0,0.0
1060,自然流量,实验组,1,0,0.0,0,0.0
1061,站内活动,对照组,0,0,0.0,0,0.0
1062,自然流量,对照组,0,0,0.0,0,0.0
1063,短视频投放,对照组,0,0,0.0,0,0.0
1064,自然流量,对照组,0,0,0.0,0,0.0
1065,短视频投放,对照组,0,0,0.0,0,0.0
1066,站内活动,对照组,0,0,0.0,0,0.0
1067,短视频投放,实验组,1,0,0.0,0,0.0
1068,站内活动,实验组,1,0,0.0,0,0.0
1069,自然流量,实验组,1,0,0.0,0,0.0
1070,短视频投放,对照组,0,0,0.0,0,0.0
1071,站内活动,实验组,1,1,72.8,10,62.8
1072,短视频投放,对照组,0,0,0.0,0,0.0
1073,自然流量,实验组,1,0,0.0,0,0.0
1074,站内活动,对照组,0,1,46.3,0,46.3
1075,短视频投放,实验组,1,0,0.0,0,0.0
1076,短视频投放,实验组,1,0,0.0,0,0.0
1077,站内活动,实验组,1,0,0.0,0,0.0
1078,自然流量,实验组,1,1,136.35,10,126.35
1079,自然流量,实验组,1,0,0.0,0,0.0
1080,自然流量,实验组,1,1,86.16,10,76.16
1081,短视频投放,对照组,0,1,126.47,0,126.47
1082,自然流量,实验组,1,0,0.0,0,0.0
1083,达人推荐,对照组,0,0,0.0,0,0.0
1084,自然流量,实验组,1,0,0.0,0,0.0
1085,达人推荐,实验组,1,0,0.0,0,0.0
1086,自然流量,对照组,0,0,0.0,0,0.0
1087,短视频投放,实验组,1,0,0.0,0,0.0
1088,自然流量,实验组,1,0,0.0,0,0.0
1089,达人推荐,实验组,1,0,0.0,0,0.0
1090,短视频投放,对照组,0,0,0.0,0,0.0
1091,短视频投放,对照组,0,0,0.0,0,0.0
1092,站内活动,实验组,1,0,0.0,0,0.0
1093,短视频投放,实验组,1,0,0.0,0,0.0
1094,自然流量,实验组,1,1,87.5,10,77.5
1095,站内活动,实验组,1,0,0.0,0,0.0
1096,自然流量,实验组,1,0,0.0,0,0.0
1097,自然流量,对照组,0,0,0.0,0,0.0
1098,短视频投放,实验组,1,0,0.0,0,0.0
1099,自然流量,对照组,0,1,160.94,0,160.94
1100,自然流量,实验组,1,0,0.0,0,0.0
1101,达人推荐,对照组,0,0,0.0,0,0.0
1102,自然流量,对照组,0,0,0.0,0,0.0
1103,站内活动,实验组,1,0,0.0,0,0.0
1104,站内活动,对照组,0,0,0.0,0,0.0
1105,达人推荐,对照组,0,0,0.0,0,0.0
1106,达人推荐,对照组,0,0,0.0,0,0.0
1107,达人推荐,实验组,1,0,0.0,0,0.0
1108,站内活动,实验组,1,0,0.0,0,0.0
1109,自然流量,对照组,0,0,0.0,0,0.0
1110,自然流量,实验组,1,0,0.0,0,0.0
1111,短视频投放,对照组,0,0,0.0,0,0.0
1112,短视频投放,对照组,0,0,0.0,0,0.0
1113,自然流量,实验组,1,0,0.0,0,0.0
1114,达人推荐,对照组,0,0,0.0,0,0.0
1115,自然流量,对照组,0,0,0.0,0,0.0
1116,站内活动,实验组,1,0,0.0,0,0.0
1117,自然流量,实验组,1,0,0.0,0,0.0
1118,自然流量,实验组,1,0,0.0,0,0.0
1119,自然流量,对照组,0,0,0.0,0,0.0
1120,自然流量,对照组,0,0,0.0,0,0.0
1121,自然流量,对照组,0,0,0.0,0,0.0
1122,自然流量,实验组,1,0,0.0,0,0.0
1123,自然流量,对照组,0,0,0.0,0,0.0
1124,自然流量,实验组,1,1,90.29,10,80.29
1125,短视频投放,实验组,1,0,0.0,0,0.0
1126,短视频投放,实验组,1,0,0.0,0,0.0
1127,自然流量,实验组,1,0,0.0,0,0.0
1128,自然流量,对照组,0,0,0.0,0,0.0
1129,自然流量,对照组,0,0,0.0,0,0.0
1130,自然流量,实验组,1,0,0.0,0,0.0
1131,自然流量,对照组,0,0,0.0,0,0.0
1132,达人推荐,对照组,0,0,0.0,0,0.0
1133,站内活动,对照组,0,0,0.0,0,0.0
1134,站内活动,对照组,0,0,0.0,0,0.0
1135,短视频投放,对照组,0,0,0.0,0,0.0
1136,短视频投放,实验组,1,1,58.0,10,48.0
1137,自然流量,对照组,0,0,0.0,0,0.0
1138,达人推荐,对照组,0,1,97.22,0,97.22
1139,达人推荐,对照组,0,0,0.0,0,0.0
1140,站内活动,实验组,1,0,0.0,0,0.0
1141,站内活动,实验组,1,0,0.0,0,0.0
1142,短视频投放,对照组,0,0,0.0,0,0.0
1143,达人推荐,对照组,0,0,0.0,0,0.0
1144,站内活动,实验组,1,0,0.0,0,0.0
1145,自然流量,对照组,0,0,0.0,0,0.0
1146,站内活动,对照组,0,0,0.0,0,0.0
1147,自然流量,实验组,1,0,0.0,0,0.0
1148,站内活动,实验组,1,0,0.0,0,0.0
1149,达人推荐,实验组,1,0,0.0,0,0.0
1150,自然流量,对照组,0,0,0.0,0,0.0
1151,达人推荐,实验组,1,0,0.0,0,0.0
1152,自然流量,对照组,0,0,0.0,0,0.0
1153,达人推荐,对照组,0,0,0.0,0,0.0
1154,达人推荐,对照组,0,0,0.0,0,0.0
1155,达人推荐,对照组,0,0,0.0,0,0.0
1156,站内活动,实验组,1,0,0.0,0,0.0
1157,自然流量,实验组,1,0,0.0,0,0.0
1158,自然流量,对照组,0,0,0.0,0,0.0
1159,短视频投放,实验组,1,0,0.0,0,0.0
1160,自然流量,实验组,1,0,0.0,0,0.0
1161,短视频投放,实验组,1,0,0.0,0,0.0
1162,自然流量,实验组,1,0,0.0,0,0.0
1163,短视频投放,实验组,1,0,0.0,0,0.0
1164,短视频投放,实验组,1,0,0.0,0,0.0
1165,站内活动,实验组,1,1,93.65,10,83.65
1166,自然流量,对照组,0,0,0.0,0,0.0
1167,站内活动,实验组,1,0,0.0,0,0.0
1168,短视频投放,对照组,0,0,0.0,0,0.0
1169,自然流量,实验组,1,0,0.0,0,0.0
1170,短视频投放,对照组,0,0,0.0,0,0.0
1171,短视频投放,对照组,0,0,0.0,0,0.0
1172,自然流量,对照组,0,0,0.0,0,0.0
1173,短视频投放,对照组,0,0,0.0,0,0.0
1174,自然流量,实验组,1,0,0.0,0,0.0
1175,短视频投放,对照组,0,0,0.0,0,0.0
1176,短视频投放,实验组,1,0,0.0,0,0.0
1177,短视频投放,对照组,0,0,0.0,0,0.0
1178,站内活动,对照组,0,0,0.0,0,0.0
1179,自然流量,实验组,1,0,0.0,0,0.0
1180,站内活动,实验组,1,0,0.0,0,0.0
1181,达人推荐,实验组,1,0,0.0,0,0.0
1182,站内活动,对照组,0,0,0.0,0,0.0
1183,站内活动,实验组,1,1,62.15,10,52.15
1184,自然流量,对照组,0,0,0.0,0,0.0
1185,短视频投放,对照组,0,0,0.0,0,0.0
1186,自然流量,实验组,1,0,0.0,0,0.0
1187,站内活动,对照组,0,0,0.0,0,0.0
1188,短视频投放,对照组,0,0,0.0,0,0.0
1189,自然流量,对照组,0,0,0.0,0,0.0
1190,站内活动,实验组,1,0,0.0,0,0.0
1191,自然流量,实验组,1,0,0.0,0,0.0
1192,短视频投放,实验组,1,0,0.0,0,0.0
1193,达人推荐,对照组,0,1,37.2,0,37.2
1194,自然流量,实验组,1,0,0.0,0,0.0
1195,短视频投放,实验组,1,0,0.0,0,0.0
1196,站内活动,对照组,0,0,0.0,0,0.0
1197,自然流量,实验组,1,0,0.0,0,0.0
1198,短视频投放,实验组,1,0,0.0,0,0.0
1199,自然流量,实验组,1,0,0.0,0,0.0
1200,达人推荐,实验组,1,1,126.47,10,116.47
1201,自然流量,实验组,1,1,120.56,10,110.56
1202,站内活动,实验组,1,0,0.0,0,0.0
1203,站内活动,对照组,0,0,0.0,0,0.0
1204,自然流量,对照组,0,0,0.0,0,0.0
1205,自然流量,实验组,1,0,0.0,0,0.0
1206,短视频投放,对照组,0,0,0.0,0,0.0
1207,达人推荐,实验组,1,0,0.0,0,0.0
1208,短视频投放,对照组,0,0,0.0,0,0.0
1209,自然流量,实验组,1,0,0.0,0,0.0
1210,自然流量,对照组,0,0,0.0,0,0.0
1211,站内活动,对照组,0,0,0.0,0,0.0
1212,短视频投放,对照组,0,0,0.0,0,0.0
1213,站内活动,对照组,0,0,0.0,0,0.0
1214,短视频投放,实验组,1,0,0.0,0,0.0
1215,站内活动,实验组,1,1,136.2,10,126.2
1216,自然流量,实验组,1,0,0.0,0,0.0
1217,自然流量,实验组,1,0,0.0,0,0.0
1218,站内活动,实验组,1,0,0.0,0,0.0
1219,站内活动,对照组,0,0,0.0,0,0.0
1220,自然流量,实验组,1,0,0.0,0,0.0
1221,短视频投放,实验组,1,0,0.0,0,0.0
1222,短视频投放,对照组,0,0,0.0,0,0.0
1223,短视频投放,对照组,0,0,0.0,0,0.0
1224,自然流量,实验组,1,0,0.0,0,0.0
1225,站内活动,对照组,0,0,0.0,0,0.0
1226,自然流量,对照组,0,1,23.65,0,23.65
1227,达人推荐,对照组,0,0,0.0,0,0.0
1228,自然流量,实验组,1,0,0.0,0,0.0
1229,自然流量,对照组,0,0,0.0,0,0.0
1230,达人推荐,实验组,1,0,0.0,0,0.0
1231,自然流量,对照组,0,0,0.0,0,0.0
1232,达人推荐,对照组,0,0,0.0,0,0.0
1233,自然流量,实验组,1,0,0.0,0,0.0
1234,站内活动,对照组,0,0,0.0,0,0.0
1235,达人推荐,实验组,1,0,0.0,0,0.0
1236,站内活动,实验组,1,0,0.0,0,0.0
1237,自然流量,对照组,0,0,0.0,0,0.0
1238,自然流量,实验组,1,1,63.51,10,53.51
1239,短视频投放,实验组,1,0,0.0,0,0.0
1240,短视频投放,对照组,0,0,0.0,0,0.0
1241,自然流量,对照组,0,0,0.0,0,0.0
1242,自然流量,对照组,0,1,97.55,0,97.55
1243,短视频投放,对照组,0,0,0.0,0,0.0
1244,自然流量,实验组,1,1,114.93,10,104.93
1245,短视频投放,对照组,0,0,0.0,0,0.0
1246,自然流量,对照组,0,1,58.69,0,58.69
1247,自然流量,实验组,1,0,0.0,0,0.0
1248,达人推荐,实验组,1,0,0.0,0,0.0
1249,短视频投放,实验组,1,0,0.0,0,0.0
1250,自然流量,对照组,0,0,0.0,0,0.0
1251,短视频投放,对照组,0,0,0.0,0,0.0
1252,达人推荐,实验组,1,1,192.15,10,182.15
1253,短视频投放,对照组,0,0,0.0,0,0.0
1254,短视频投放,对照组,0,0,0.0,0,0.0
1255,站内活动,实验组,1,0,0.0,0,0.0
1256,短视频投放,对照组,0,0,0.0,0,0.0
1257,站内活动,对照组,0,0,0.0,0,0.0
1258,达人推荐,实验组,1,0,0.0,0,0.0
1259,自然流量,对照组,0,0,0.0,0,0.0
1260,短视频投放,对照组,0,0,0.0,0,0.0
1261,达人推荐,对照组,0,1,69.98,0,69.98
1262,站内活动,对照组,0,0,0.0,0,0.0
1263,短视频投放,实验组,1,1,42.52,10,32.52
1264,自然流量,实验组,1,0,0.0,0,0.0
1265,短视频投放,实验组,1,0,0.0,0,0.0
1266,自然流量,实验组,1,1,92.63,10,82.63
1267,达人推荐,对照组,0,0,0.0,0,0.0
1268,短视频投放,实验组,1,0,0.0,0,0.0
1269,达人推荐,对照组,0,0,0.0,0,0.0
1270,站内活动,实验组,1,0,0.0,0,0.0
1271,达人推荐,对照组,0,0,0.0,0,0.0
1272,达人推荐,实验组,1,0,0.0,0,0.0
1273,达人推荐,实验组,1,1,73.09,10,63.09
1274,站内活动,实验组,1,1,79.8,10,69.8
1275,站内活动,对照组,0,0,0.0,0,0.0
1276,自然流量,对照组,0,0,0.0,0,0.0
1277,短视频投放,实验组,1,0,0.0,0,0.0
1278,自然流量,实验组,1,0,0.0,0,0.0
1279,站内活动,实验组,1,1,76.19,10,66.19
1280,达人推荐,对照组,0,0,0.0,0,0.0
1281,短视频投放,对照组,0,0,0.0,0,0.0
1282,自然流量,对照组,0,0,0.0,0,0.0
1283,自然流量,对照组,0,0,0.0,0,0.0
1284,达人推荐,实验组,1,0,0.0,0,0.0
1285,自然流量,对照组,0,0,0.0,0,0.0
1286,自然流量,实验组,1,0,0.0,0,0.0
1287,站内活动,对照组,0,0,0.0,0,0.0
1288,达人推荐,实验组,1,0,0.0,0,0.0
1289,自然流量,对照组,0,0,0.0,0,0.0
1290,自然流量,实验组,1,1,27.14,10,17.14
1291,站内活动,实验组,1,1,124.33,10,114.33
1292,达人推荐,实验组,1,0,0.0,0,0.0
1293,达人推荐,实验组,1,0,0.0,0,0.0
1294,自然流量,实验组,1,0,0.0,0,0.0
1295,自然流量,对照组,0,0,0.0,0,0.0
1296,自然流量,对照组,0,0,0.0,0,0.0
1297,达人推荐,实验组,1,0,0.0,0,0.0
1298,自然流量,对照组,0,0,0.0,0,0.0
1299,自然流量,对照组,0,0,0.0,0,0.0
1300,达人推荐,对照组,0,0,0.0,0,0.0
1301,站内活动,对照组,0,0,0.0,0,0.0
1302,达人推荐,对照组,0,0,0.0,0,0.0
1303,短视频投放,对照组,0,1,21.71,0,21.71
1304,短视频投放,对照组,0,0,0.0,0,0.0
1305,短视频投放,对照组,0,0,0.0,0,0.0
1306,自然流量,对照组,0,0,0.0,0,0.0
1307,短视频投放,实验组,1,0,0.0,0,0.0
1308,短视频投放,实验组,1,0,0.0,0,0.0
1309,短视频投放,对照组,0,0,0.0,0,0.0
1310,站内活动,实验组,1,0,0.0,0,0.0
1311,站内活动,对照组,0,1,97.64,0,97.64
1312,自然流量,对照组,0,0,0.0,0,0.0
1313,短视频投放,对照组,0,0,0.0,0,0.0
1314,自然流量,实验组,1,0,0.0,0,0.0
1315,短视频投放,对照组,0,0,0.0,0,0.0
1316,自然流量,对照组,0,0,0.0,0,0.0
1317,自然流量,实验组,1,0,0.0,0,0.0
1318,达人推荐,对照组,0,0,0.0,0,0.0
1319,短视频投放,对照组,0,0,0.0,0,0.0
1320,站内活动,对照组,0,0,0.0,0,0.0
1321,自然流量,实验组,1,0,0.0,0,0.0
1322,自然流量,对照组,0,0,0.0,0,0.0
1323,短视频投放,实验组,1,0,0.0,0,0.0
1324,自然流量,对照组,0,0,0.0,0,0.0
1325,自然流量,对照组,0,0,0.0,0,0.0
1326,站内活动,对照组,0,0,0.0,0,0.0
1327,自然流量,实验组,1,0,0.0,0,0.0
1328,自然流量,对照组,0,0,0.0,0,0.0
1329,短视频投放,对照组,0,1,86.03,0,86.03
1330,短视频投放,实验组,1,1,94.66,10,84.66
1331,短视频投放,对照组,0,0,0.0,0,0.0
1332,短视频投放,对照组,0,0,0.0,0,0.0
1333,站内活动,对照组,0,0,0.0,0,0.0
1334,自然流量,对照组,0,1,74.64,0,74.64
1335,短视频投放,实验组,1,0,0.0,0,0.0
1336,达人推荐,对照组,0,0,0.0,0,0.0
1337,站内活动,对照组,0,0,0.0,0,0.0
1338,短视频投放,对照组,0,0,0.0,0,0.0
1339,短视频投放,实验组,1,0,0.0,0,0.0
1340,自然流量,实验组,1,0,0.0,0,0.0
1341,自然流量,实验组,1,0,0.0,0,0.0
1342,自然流量,实验组,1,0,0.0,0,0.0
1343,达人推荐,实验组,1,0,0.0,0,0.0
1344,自然流量,实验组,1,0,0.0,0,0.0
1345,达人推荐,对照组,0,0,0.0,0,0.0
1346,自然流量,对照组,0,0,0.0,0,0.0
1347,站内活动,实验组,1,0,0.0,0,0.0
1348,站内活动,实验组,1,0,0.0,0,0.0
1349,自然流量,实验组,1,0,0.0,0,0.0
1350,自然流量,实验组,1,0,0.0,0,0.0
1351,自然流量,实验组,1,0,0.0,0,0.0
1352,站内活动,实验组,1,0,0.0,0,0.0
1353,自然流量,实验组,1,0,0.0,0,0.0
1354,短视频投放,实验组,1,0,0.0,0,0.0
1355,短视频投放,实验组,1,0,0.0,0,0.0
1356,达人推荐,对照组,0,0,0.0,0,0.0
1357,短视频投放,实验组,1,0,0.0,0,0.0
1358,短视频投放,实验组,1,0,0.0,0,0.0
1359,站内活动,对照组,0,1,103.03,0,103.03
1360,自然流量,对照组,0,0,0.0,0,0.0
1361,站内活动,对照组,0,0,0.0,0,0.0
1362,自然流量,对照组,0,1,45.63,0,45.63
1363,短视频投放,实验组,1,0,0.0,0,0.0
1364,站内活动,对照组,0,0,0.0,0,0.0
1365,达人推荐,对照组,0,0,0.0,0,0.0
1366,达人推荐,对照组,0,0,0.0,0,0.0
1367,自然流量,实验组,1,1,92.97,10,82.97
1368,短视频投放,实验组,1,0,0.0,0,0.0
1369,短视频投放,对照组,0,0,0.0,0,0.0
1370,短视频投放,实验组,1,0,0.0,0,0.0
1371,短视频投放,对照组,0,0,0.0,0,0.0
1372,自然流量,对照组,0,0,0.0,0,0.0
1373,自然流量,实验组,1,0,0.0,0,0.0
1374,自然流量,对照组,0,0,0.0,0,0.0
1375,短视频投放,实验组,1,0,0.0,0,0.0
1376,自然流量,对照组,0,1,76.79,0,76.79
1377,站内活动,对照组,0,1,50.98,0,50.98
1378,达人推荐,对照组,0,1,57.12,0,57.12
1379,自然流量,实验组,1,0,0.0,0,0.0
1380,达人推荐,实验组,1,0,0.0,0,0.0
1381,站内活动,实验组,1,0,0.0,0,0.0
1382,自然流量,对照组,0,0,0.0,0,0.0
1383,自然流量,对照组,0,0,0.0,0,0.0
1384,自然流量,实验组,1,0,0.0,0,0.0
1385,自然流量,实验组,1,1,53.89,10,43.89
1386,达人推荐,对照组,0,0,0.0,0,0.0
1387,站内活动,实验组,1,0,0.0,0,0.0
1388,自然流量,对照组,0,0,0.0,0,0.0
1389,达人推荐,对照组,0,0,0.0,0,0.0
1390,自然流量,对照组,0,0,0.0,0,0.0
1391,短视频投放,实验组,1,0,0.0,0,0.0
1392,达人推荐,对照组,0,1,47.17,0,47.17
1393,短视频投放,实验组,1,0,0.0,0,0.0
1394,自然流量,实验组,1,1,82.83,10,72.83
1395,短视频投放,对照组,0,0,0.0,0,0.0
1396,站内活动,对照组,0,0,0.0,0,0.0
1397,自然流量,实验组,1,0,0.0,0,0.0
1398,自然流量,对照组,0,0,0.0,0,0.0
1399,自然流量,对照组,0,0,0.0,0,0.0
1400,短视频投放,对照组,0,0,0.0,0,0.0
1401,短视频投放,对照组,0,0,0.0,0,0.0
1402,达人推荐,对照组,0,0,0.0,0,0.0
1403,达人推荐,对照组,0,0,0.0,0,0.0
1404,站内活动,实验组,1,0,0.0,0,0.0
1405,站内活动,实验组,1,0,0.0,0,0.0
1406,自然流量,实验组,1,0,0.0,0,0.0
1407,短视频投放,实验组,1,0,0.0,0,0.0
1408,自然流量,实验组,1,0,0.0,0,0.0
1409,自然流量,实验组,1,0,0.0,0,0.0
1410,站内活动,实验组,1,0,0.0,0,0.0
1411,达人推荐,实验组,1,0,0.0,0,0.0
1412,站内活动,对照组,0,0,0.0,0,0.0
1413,短视频投放,实验组,1,1,91.11,10,81.11
1414,短视频投放,实验组,1,0,0.0,0,0.0
1415,短视频投放,对照组,0,0,0.0,0,0.0
1416,自然流量,实验组,1,0,0.0,0,0.0
1417,自然流量,实验组,1,0,0.0,0,0.0
1418,短视频投放,实验组,1,1,103.83,10,93.83
1419,自然流量,对照组,0,0,0.0,0,0.0
1420,站内活动,实验组,1,0,0.0,0,0.0
1421,自然流量,实验组,1,0,0.0,0,0.0
1422,自然流量,实验组,1,0,0.0,0,0.0
1423,达人推荐,对照组,0,0,0.0,0,0.0
1424,自然流量,对照组,0,0,0.0,0,0.0
1425,站内活动,对照组,0,0,0.0,0,0.0
1426,达人推荐,对照组,0,0,0.0,0,0.0
1427,自然流量,对照组,0,0,0.0,0,0.0
1428,达人推荐,对照组,0,0,0.0,0,0.0
1429,达人推荐,对照组,0,0,0.0,0,0.0
1430,达人推荐,对照组,0,0,0.0,0,0.0
1431,站内活动,实验组,1,0,0.0,0,0.0
1432,达人推荐,对照组,0,1,49.7,0,49.7
1433,短视频投放,对照组,0,0,0.0,0,0.0
1434,自然流量,实验组,1,1,70.61,10,60.61
1435,达人推荐,实验组,1,0,0.0,0,0.0
1436,站内活动,实验组,1,0,0.0,0,0.0
1437,短视频投放,实验组,1,1,98.07,10,88.07
1438,达人推荐,实验组,1,0,0.0,0,0.0
1439,短视频投放,实验组,1,0,0.0,0,0.0
1440,达人推荐,实验组,1,0,0.0,0,0.0
1441,站内活动,实验组,1,0,0.0,0,0.0
1442,自然流量,实验组,1,0,0.0,0,0.0
1443,自然流量,实验组,1,1,46.8,10,36.8
1444,短视频投放,对照组,0,0,0.0,0,0.0
1445,短视频投放,对照组,0,1,36.78,0,36.78
1446,短视频投放,对照组,0,1,57.96,0,57.96
1447,自然流量,对照组,0,1,59.83,0,59.83
1448,短视频投放,对照组,0,0,0.0,0,0.0
1449,短视频投放,对照组,0,0,0.0,0,0.0
1450,短视频投放,对照组,0,0,0.0,0,0.0
1451,达人推荐,实验组,1,0,0.0,0,0.0
1452,达人推荐,对照组,0,0,0.0,0,0.0
1453,达人推荐,实验组,1,0,0.0,0,0.0
1454,达人推荐,实验组,1,0,0.0,0,0.0
1455,达人推荐,实验组,1,0,0.0,0,0.0
1456,短视频投放,对照组,0,0,0.0,0,0.0
1457,达人推荐,实验组,1,0,0.0,0,0.0
1458,自然流量,对照组,0,1,78.67,0,78.67
1459,自然流量,实验组,1,0,0.0,0,0.0
1460,短视频投放,实验组,1,0,0.0,0,0.0
1461,站内活动,对照组,0,1,143.74,0,143.74
1462,达人推荐,实验组,1,0,0.0,0,0.0
1463,自然流量,对照组,0,0,0.0,0,0.0
1464,短视频投放,实验组,1,0,0.0,0,0.0
1465,自然流量,对照组,0,0,0.0,0,0.0
1466,达人推荐,实验组,1,0,0.0,0,0.0
1467,站内活动,实验组,1,0,0.0,0,0.0
1468,短视频投放,实验组,1,0,0.0,0,0.0
1469,短视频投放,对照组,0,0,0.0,0,0.0
1470,自然流量,实验组,1,1,83.54,10,73.54
1471,短视频投放,对照组,0,0,0.0,0,0.0
1472,站内活动,实验组,1,0,0.0,0,0.0
1473,达人推荐,实验组,1,1,73.04,10,63.04
1474,短视频投放,实验组,1,0,0.0,0,0.0
1475,短视频投放,对照组,0,0,0.0,0,0.0
1476,自然流量,实验组,1,0,0.0,0,0.0
1477,自然流量,对照组,0,0,0.0,0,0.0
1478,自然流量,对照组,0,0,0.0,0,0.0
1479,短视频投放,对照组,0,0,0.0,0,0.0
1480,站内活动,实验组,1,0,0.0,0,0.0
1481,短视频投放,实验组,1,0,0.0,0,0.0
1482,自然流量,实验组,1,1,216.62,10,206.62
1483,自然流量,对照组,0,0,0.0,0,0.0
1484,自然流量,实验组,1,0,0.0,0,0.0
1485,站内活动,实验组,1,0,0.0,0,0.0
1486,短视频投放,实验组,1,0,0.0,0,0.0
1487,达人推荐,实验组,1,0,0.0,0,0.0
1488,站内活动,对照组,0,0,0.0,0,0.0
1489,自然流量,对照组,0,0,0.0,0,0.0
1490,达人推荐,实验组,1,0,0.0,0,0.0
1491,站内活动,对照组,0,0,0.0,0,0.0
1492,短视频投放,实验组,1,0,0.0,0,0.0
1493,自然流量,对照组,0,0,0.0,0,0.0
1494,站内活动,对照组,0,1,84.58,0,84.58
1495,站内活动,实验组,1,0,0.0,0,0.0
1496,短视频投放,实验组,1,0,0.0,0,0.0
1497,短视频投放,实验组,1,0,0.0,0,0.0
1498,自然流量,实验组,1,0,0.0,0,0.0
1499,站内活动,实验组,1,0,0.0,0,0.0
1500,短视频投放,对照组,0,0,0.0,0,0.0
1501,自然流量,实验组,1,0,0.0,0,0.0
1502,达人推荐,对照组,0,0,0.0,0,0.0
1503,站内活动,实验组,1,0,0.0,0,0.0
1504,站内活动,对照组,0,0,0.0,0,0.0
1505,自然流量,对照组,0,0,0.0,0,0.0
1506,自然流量,实验组,1,0,0.0,0,0.0
1507,站内活动,对照组,0,0,0.0,0,0.0
1508,站内活动,实验组,1,0,0.0,0,0.0
1509,短视频投放,对照组,0,0,0.0,0,0.0
1510,达人推荐,实验组,1,0,0.0,0,0.0
1511,短视频投放,实验组,1,0,0.0,0,0.0
1512,短视频投放,对照组,0,0,0.0,0,0.0
1513,自然流量,对照组,0,0,0.0,0,0.0
1514,自然流量,实验组,1,0,0.0,0,0.0
1515,自然流量,实验组,1,0,0.0,0,0.0
1516,站内活动,实验组,1,0,0.0,0,0.0
1517,自然流量,实验组,1,0,0.0,0,0.0
1518,自然流量,实验组,1,0,0.0,0,0.0
1519,短视频投放,实验组,1,0,0.0,0,0.0
1520,自然流量,实验组,1,0,0.0,0,0.0
1521,自然流量,实验组,1,0,0.0,0,0.0
1522,短视频投放,实验组,1,0,0.0,0,0.0
1523,短视频投放,对照组,0,0,0.0,0,0.0
1524,达人推荐,对照组,0,0,0.0,0,0.0
1525,站内活动,对照组,0,0,0.0,0,0.0
1526,自然流量,对照组,0,0,0.0,0,0.0
1527,站内活动,实验组,1,0,0.0,0,0.0
1528,站内活动,对照组,0,0,0.0,0,0.0
1529,站内活动,对照组,0,0,0.0,0,0.0
1530,达人推荐,对照组,0,0,0.0,0,0.0
1531,达人推荐,实验组,1,0,0.0,0,0.0
1532,达人推荐,对照组,0,1,81.52,0,81.52
1533,达人推荐,对照组,0,0,0.0,0,0.0
1534,自然流量,实验组,1,0,0.0,0,0.0
1535,站内活动,对照组,0,0,0.0,0,0.0
1536,短视频投放,实验组,1,1,46.56,10,36.56
1537,达人推荐,实验组,1,0,0.0,0,0.0
1538,短视频投放,实验组,1,0,0.0,0,0.0
1539,自然流量,对照组,0,1,50.46,0,50.46
1540,短视频投放,实验组,1,0,0.0,0,0.0
1541,短视频投放,实验组,1,0,0.0,0,0.0
1542,短视频投放,实验组,1,0,0.0,0,0.0
1543,自然流量,实验组,1,0,0.0,0,0.0
1544,自然流量,对照组,0,0,0.0,0,0.0
1545,短视频投放,实验组,1,0,0.0,0,0.0
1546,短视频投放,对照组,0,0,0.0,0,0.0
1547,站内活动,对照组,0,0,0.0,0,0.0
1548,自然流量,对照组,0,0,0.0,0,0.0
1549,自然流量,实验组,1,0,0.0,0,0.0
1550,自然流量,实验组,1,0,0.0,0,0.0
1551,短视频投放,实验组,1,0,0.0,0,0.0
1552,短视频投放,实验组,1,0,0.0,0,0.0
1553,达人推荐,实验组,1,0,0.0,0,0.0
1554,站内活动,对照组,0,1,43.21,0,43.21
1555,自然流量,实验组,1,0,0.0,0,0.0
1556,达人推荐,实验组,1,0,0.0,0,0.0
1557,自然流量,实验组,1,0,0.0,0,0.0
1558,自然流量,实验组,1,0,0.0,0,0.0
1559,短视频投放,对照组,0,0,0.0,0,0.0
1560,自然流量,实验组,1,0,0.0,0,0.0
1561,达人推荐,实验组,1,0,0.0,0,0.0
1562,达人推荐,对照组,0,0,0.0,0,0.0
1563,达人推荐,实验组,1,0,0.0,0,0.0
1564,短视频投放,对照组,0,0,0.0,0,0.0
1565,达人推荐,实验组,1,0,0.0,0,0.0
1566,短视频投放,对照组,0,0,0.0,0,0.0
1567,自然流量,实验组,1,0,0.0,0,0.0
1568,自然流量,实验组,1,0,0.0,0,0.0
1569,达人推荐,对照组,0,0,0.0,0,0.0
1570,站内活动,实验组,1,0,0.0,0,0.0
1571,自然流量,对照组,0,0,0.0,0,0.0
1572,短视频投放,对照组,0,0,0.0,0,0.0
1573,达人推荐,实验组,1,1,65.0,10,55.0
1574,站内活动,实验组,1,0,0.0,0,0.0
1575,短视频投放,对照组,0,0,0.0,0,0.0
1576,达人推荐,实验组,1,1,61.97,10,51.97
1577,达人推荐,对照组,0,0,0.0,0,0.0
1578,站内活动,实验组,1,0,0.0,0,0.0
1579,自然流量,实验组,1,0,0.0,0,0.0
1580,站内活动,实验组,1,0,0.0,0,0.0
1581,自然流量,对照组,0,0,0.0,0,0.0
1582,站内活动,对照组,0,0,0.0,0,0.0
1583,自然流量,对照组,0,0,0.0,0,0.0
1584,自然流量,对照组,0,0,0.0,0,0.0
1585,自然流量,对照组,0,1,56.99,0,56.99
1586,短视频投放,实验组,1,0,0.0,0,0.0
1587,自然流量,对照组,0,0,0.0,0,0.0
1588,自然流量,实验组,1,0,0.0,0,0.0
1589,短视频投放,实验组,1,0,0.0,0,0.0
1590,短视频投放,对照组,0,0,0.0,0,0.0
1591,达人推荐,对照组,0,0,0.0,0,0.0
1592,站内活动,实验组,1,0,0.0,0,0.0
1593,达人推荐,实验组,1,0,0.0,0,0.0
1594,自然流量,对照组,0,0,0.0,0,0.0
1595,自然流量,对照组,0,0,0.0,0,0.0
1596,站内活动,对照组,0,0,0.0,0,0.0
1597,自然流量,对照组,0,0,0.0,0,0.0
1598,短视频投放,实验组,1,0,0.0,0,0.0
1599,站内活动,实验组,1,0,0.0,0,0.0
1600,站内活动,实验组,1,0,0.0,0,0.0
1601,短视频投放,对照组,0,0,0.0,0,0.0
1602,达人推荐,实验组,1,0,0.0,0,0.0
1603,短视频投放,实验组,1,0,0.0,0,0.0
1604,达人推荐,对照组,0,0,0.0,0,0.0
1605,自然流量,实验组,1,0,0.0,0,0.0
1606,自然流量,对照组,0,0,0.0,0,0.0
1607,达人推荐,实验组,1,0,0.0,0,0.0
1608,自然流量,对照组,0,0,0.0,0,0.0
1609,达人推荐,实验组,1,0,0.0,0,0.0
1610,短视频投放,对照组,0,0,0.0,0,0.0
1611,站内活动,对照组,0,0,0.0,0,0.0
1612,站内活动,对照组,0,0,0.0,0,0.0
1613,短视频投放,实验组,1,1,67.59,10,57.59
1614,达人推荐,对照组,0,0,0.0,0,0.0
1615,自然流量,对照组,0,0,0.0,0,0.0
1616,短视频投放,对照组,0,0,0.0,0,0.0
1617,自然流量,实验组,1,0,0.0,0,0.0
1618,站内活动,对照组,0,0,0.0,0,0.0
1619,站内活动,对照组,0,0,0.0,0,0.0
1620,站内活动,对照组,0,1,86.91,0,86.91
1621,站内活动,实验组,1,0,0.0,0,0.0
1622,站内活动,对照组,0,0,0.0,0,0.0
1623,自然流量,实验组,1,0,0.0,0,0.0
1624,站内活动,实验组,1,0,0.0,0,0.0
1625,短视频投放,对照组,0,0,0.0,0,0.0
1626,短视频投放,对照组,0,0,0.0,0,0.0
1627,短视频投放,实验组,1,1,92.15,10,82.15
1628,自然流量,对照组,0,0,0.0,0,0.0
1629,自然流量,对照组,0,1,114.47,0,114.47
1630,自然流量,对照组,0,0,0.0,0,0.0
1631,自然流量,实验组,1,0,0.0,0,0.0
1632,短视频投放,实验组,1,0,0.0,0,0.0
1633,站内活动,实验组,1,0,0.0,0,0.0
1634,达人推荐,实验组,1,0,0.0,0,0.0
1635,短视频投放,实验组,1,0,0.0,0,0.0
1636,短视频投放,实验组,1,1,129.39,10,119.39
1637,短视频投放,对照组,0,0,0.0,0,0.0
1638,自然流量,对照组,0,0,0.0,0,0.0
1639,站内活动,实验组,1,0,0.0,0,0.0
1640,自然流量,对照组,0,0,0.0,0,0.0
1641,达人推荐,实验组,1,0,0.0,0,0.0
1642,达人推荐,实验组,1,1,62.53,10,52.53
1643,短视频投放,对照组,0,0,0.0,0,0.0
1644,站内活动,实验组,1,1,90.35,10,80.35
1645,自然流量,实验组,1,0,0.0,0,0.0
1646,站内活动,对照组,0,0,0.0,0,0.0
1647,达人推荐,实验组,1,0,0.0,0,0.0
1648,达人推荐,对照组,0,1,51.55,0,51.55
1649,达人推荐,实验组,1,0,0.0,0,0.0
1650,站内活动,对照组,0,0,0.0,0,0.0
1651,站内活动,实验组,1,0,0.0,0,0.0
1652,短视频投放,对照组,0,0,0.0,0,0.0
1653,站内活动,对照组,0,0,0.0,0,0.0
1654,达人推荐,对照组,0,0,0.0,0,0.0
1655,短视频投放,实验组,1,1,61.83,10,51.83
1656,站内活动,实验组,1,0,0.0,0,0.0
1657,短视频投放,实验组,1,0,0.0,0,0.0
1658,短视频投放,对照组,0,0,0.0,0,0.0
1659,自然流量,实验组,1,0,0.0,0,0.0
1660,自然流量,实验组,1,0,0.0,0,0.0
1661,站内活动,对照组,0,0,0.0,0,0.0
1662,短视频投放,对照组,0,0,0.0,0,0.0
1663,短视频投放,对照组,0,0,0.0,0,0.0
1664,自然流量,实验组,1,0,0.0,0,0.0
1665,短视频投放,实验组,1,0,0.0,0,0.0
1666,站内活动,对照组,0,0,0.0,0,0.0
1667,站内活动,实验组,1,0,0.0,0,0.0
1668,自然流量,实验组,1,0,0.0,0,0.0
1669,短视频投放,实验组,1,1,56.94,10,46.94
1670,短视频投放,实验组,1,0,0.0,0,0.0
1671,达人推荐,实验组,1,1,40.37,10,30.37
1672,短视频投放,对照组,0,0,0.0,0,0.0
1673,短视频投放,对照组,0,0,0.0,0,0.0
1674,短视频投放,实验组,1,0,0.0,0,0.0
1675,短视频投放,对照组,0,0,0.0,0,0.0
1676,短视频投放,实验组,1,1,83.34,10,73.34
1677,短视频投放,实验组,1,0,0.0,0,0.0
1678,站内活动,对照组,0,1,159.33,0,159.33
1679,达人推荐,实验组,1,0,0.0,0,0.0
1680,自然流量,实验组,1,0,0.0,0,0.0
1681,站内活动,对照组,0,0,0.0,0,0.0
1682,站内活动,实验组,1,0,0.0,0,0.0
1683,自然流量,对照组,0,0,0.0,0,0.0
1684,短视频投放,实验组,1,0,0.0,0,0.0
1685,自然流量,实验组,1,0,0.0,0,0.0
1686,达人推荐,对照组,0,0,0.0,0,0.0
1687,自然流量,对照组,0,0,0.0,0,0.0
1688,达人推荐,对照组,0,0,0.0,0,0.0
1689,自然流量,实验组,1,0,0.0,0,0.0
1690,短视频投放,实验组,1,1,66.69,10,56.69
1691,站内活动,实验组,1,0,0.0,0,0.0
1692,短视频投放,实验组,1,1,40.4,10,30.4
1693,站内活动,实验组,1,1,79.19,10,69.19
1694,站内活动,实验组,1,0,0.0,0,0.0
1695,站内活动,对照组,0,0,0.0,0,0.0
1696,自然流量,实验组,1,0,0.0,0,0.0
1697,站内活动,对照组,0,0,0.0,0,0.0
1698,自然流量,对照组,0,0,0.0,0,0.0
1699,短视频投放,实验组,1,0,0.0,0,0.0
1700,站内活动,对照组,0,0,0.0,0,0.0
1701,达人推荐,实验组,1,0,0.0,0,0.0
1702,短视频投放,实验组,1,0,0.0,0,0.0
1703,短视频投放,实验组,1,0,0.0,0,0.0
1704,站内活动,实验组,1,0,0.0,0,0.0
1705,达人推荐,对照组,0,0,0.0,0,0.0
1706,短视频投放,实验组,1,0,0.0,0,0.0
1707,站内活动,对照组,0,0,0.0,0,0.0
1708,自然流量,实验组,1,0,0.0,0,0.0
1709,自然流量,对照组,0,0,0.0,0,0.0
1710,达人推荐,对照组,0,0,0.0,0,0.0
1711,站内活动,实验组,1,0,0.0,0,0.0
1712,自然流量,实验组,1,1,53.14,10,43.14
1713,自然流量,对照组,0,0,0.0,0,0.0
1714,自然流量,实验组,1,0,0.0,0,0.0
1715,站内活动,对照组,0,0,0.0,0,0.0
1716,自然流量,对照组,0,0,0.0,0,0.0
1717,短视频投放,对照组,0,0,0.0,0,0.0
1718,站内活动,对照组,0,0,0.0,0,0.0
1719,自然流量,实验组,1,0,0.0,0,0.0
1720,短视频投放,实验组,1,0,0.0,0,0.0
1721,短视频投放,对照组,0,0,0.0,0,0.0
1722,站内活动,对照组,0,0,0.0,0,0.0
1723,短视频投放,对照组,0,0,0.0,0,0.0
1724,短视频投放,实验组,1,1,95.37,10,85.37
1725,自然流量,实验组,1,0,0.0,0,0.0
1726,达人推荐,对照组,0,0,0.0,0,0.0
1727,达人推荐,对照组,0,0,0.0,0,0.0
1728,自然流量,实验组,1,0,0.0,0,0.0
1729,短视频投放,实验组,1,0,0.0,0,0.0
1730,站内活动,对照组,0,0,0.0,0,0.0
1731,自然流量,实验组,1,0,0.0,0,0.0
1732,自然流量,实验组,1,0,0.0,0,0.0
1733,短视频投放,实验组,1,0,0.0,0,0.0
1734,自然流量,对照组,0,0,0.0,0,0.0
1735,自然流量,实验组,1,0,0.0,0,0.0
1736,短视频投放,对照组,0,0,0.0,0,0.0
1737,自然流量,实验组,1,0,0.0,0,0.0
1738,短视频投放,实验组,1,0,0.0,0,0.0
1739,达人推荐,实验组,1,0,0.0,0,0.0
1740,短视频投放,实验组,1,0,0.0,0,0.0
1741,自然流量,对照组,0,0,0.0,0,0.0
1742,站内活动,对照组,0,0,0.0,0,0.0
1743,自然流量,对照组,0,0,0.0,0,0.0
1744,达人推荐,对照组,0,0,0.0,0,0.0
1745,短视频投放,实验组,1,0,0.0,0,0.0
1746,达人推荐,对照组,0,0,0.0,0,0.0
1747,自然流量,对照组,0,0,0.0,0,0.0
1748,自然流量,对照组,0,0,0.0,0,0.0
1749,短视频投放,对照组,0,0,0.0,0,0.0
1750,自然流量,实验组,1,0,0.0,0,0.0
1751,自然流量,实验组,1,0,0.0,0,0.0
1752,达人推荐,对照组,0,0,0.0,0,0.0
1753,站内活动,实验组,1,0,0.0,0,0.0
1754,自然流量,对照组,0,0,0.0,0,0.0
1755,站内活动,实验组,1,0,0.0,0,0.0
1756,达人推荐,实验组,1,0,0.0,0,0.0
1757,站内活动,对照组,0,0,0.0,0,0.0
1758,达人推荐,实验组,1,0,0.0,0,0.0
1759,达人推荐,实验组,1,1,31.44,10,21.44
1760,短视频投放,实验组,1,1,74.88,10,64.88
1761,达人推荐,实验组,1,0,0.0,0,0.0
1762,站内活动,对照组,0,0,0.0,0,0.0
1763,自然流量,对照组,0,0,0.0,0,0.0
1764,自然流量,实验组,1,0,0.0,0,0.0
1765,自然流量,实验组,1,0,0.0,0,0.0
1766,站内活动,对照组,0,0,0.0,0,0.0
1767,短视频投放,实验组,1,0,0.0,0,0.0
1768,达人推荐,实验组,1,0,0.0,0,0.0
1769,站内活动,实验组,1,0,0.0,0,0.0
1770,站内活动,对照组,0,0,0.0,0,0.0
1771,自然流量,实验组,1,0,0.0,0,0.0
1772,达人推荐,实验组,1,0,0.0,0,0.0
1773,站内活动,实验组,1,0,0.0,0,0.0
1774,自然流量,实验组,1,0,0.0,0,0.0
1775,达人推荐,对照组,0,0,0.0,0,0.0
1776,短视频投放,实验组,1,0,0.0,0,0.0
1777,达人推荐,对照组,0,0,0.0,0,0.0
1778,短视频投放,对照组,0,0,0.0,0,0.0
1779,自然流量,对照组,0,0,0.0,0,0.0
1780,自然流量,实验组,1,1,58.71,10,48.71
1781,自然流量,实验组,1,0,0.0,0,0.0
1782,自然流量,实验组,1,0,0.0,0,0.0
1783,达人推荐,实验组,1,0,0.0,0,0.0
1784,短视频投放,实验组,1,1,77.81,10,67.81
1785,自然流量,实验组,1,0,0.0,0,0.0
1786,达人推荐,对照组,0,0,0.0,0,0.0
1787,达人推荐,对照组,0,0,0.0,0,0.0
1788,短视频投放,对照组,0,0,0.0,0,0.0
1789,站内活动,实验组,1,0,0.0,0,0.0
1790,短视频投放,实验组,1,0,0.0,0,0.0
1791,站内活动,对照组,0,0,0.0,0,0.0
1792,自然流量,实验组,1,0,0.0,0,0.0
1793,达人推荐,实验组,1,1,60.74,10,50.74
1794,站内活动,对照组,0,0,0.0,0,0.0
1795,站内活动,对照组,0,0,0.0,0,0.0
1796,短视频投放,对照组,0,0,0.0,0,0.0
1797,达人推荐,对照组,0,1,96.16,0,96.16
1798,短视频投放,对照组,0,0,0.0,0,0.0
1799,达人推荐,实验组,1,0,0.0,0,0.0
1800,达人推荐,对照组,0,1,118.03,0,118.03
1801,站内活动,对照组,0,0,0.0,0,0.0
1802,短视频投放,实验组,1,0,0.0,0,0.0
1803,自然流量,对照组,0,0,0.0,0,0.0
1804,短视频投放,对照组,0,0,0.0,0,0.0
1805,自然流量,实验组,1,0,0.0,0,0.0
1806,自然流量,实验组,1,1,82.94,10,72.94
1807,自然流量,实验组,1,0,0.0,0,0.0
1808,达人推荐,对照组,0,0,0.0,0,0.0
1809,自然流量,实验组,1,0,0.0,0,0.0
1810,自然流量,实验组,1,0,0.0,0,0.0
1811,自然流量,对照组,0,0,0.0,0,0.0
1812,站内活动,对照组,0,0,0.0,0,0.0
1813,达人推荐,对照组,0,0,0.0,0,0.0
1814,自然流量,对照组,0,0,0.0,0,0.0
1815,自然流量,实验组,1,0,0.0,0,0.0
1816,短视频投放,对照组,0,0,0.0,0,0.0
1817,自然流量,实验组,1,1,55.62,10,45.62
1818,短视频投放,对照组,0,0,0.0,0,0.0
1819,短视频投放,实验组,1,0,0.0,0,0.0
1820,站内活动,实验组,1,0,0.0,0,0.0
1821,自然流量,对照组,0,1,95.33,0,95.33
1822,达人推荐,实验组,1,0,0.0,0,0.0
1823,自然流量,实验组,1,0,0.0,0,0.0
1824,站内活动,实验组,1,1,123.38,10,113.38
1825,站内活动,实验组,1,0,0.0,0,0.0
1826,达人推荐,对照组,0,0,0.0,0,0.0
1827,短视频投放,对照组,0,0,0.0,0,0.0
1828,自然流量,实验组,1,0,0.0,0,0.0
1829,站内活动,实验组,1,0,0.0,0,0.0
1830,达人推荐,实验组,1,0,0.0,0,0.0
1831,自然流量,实验组,1,0,0.0,0,0.0
1832,短视频投放,对照组,0,0,0.0,0,0.0
1833,短视频投放,实验组,1,0,0.0,0,0.0
1834,站内活动,实验组,1,1,28.99,10,18.99
1835,达人推荐,实验组,1,0,0.0,0,0.0
1836,达人推荐,实验组,1,0,0.0,0,0.0
1837,达人推荐,实验组,1,0,0.0,0,0.0
1838,自然流量,实验组,1,0,0.0,0,0.0
1839,短视频投放,对照组,0,0,0.0,0,0.0
1840,自然流量,实验组,1,0,0.0,0,0.0
1841,达人推荐,实验组,1,1,66.47,10,56.47
1842,短视频投放,实验组,1,0,0.0,0,0.0
1843,短视频投放,对照组,0,0,0.0,0,0.0
1844,自然流量,实验组,1,0,0.0,0,0.0
1845,自然流量,对照组,0,0,0.0,0,0.0
1846,短视频投放,对照组,0,0,0.0,0,0.0
1847,自然流量,实验组,1,0,0.0,0,0.0
1848,自然流量,实验组,1,0,0.0,0,0.0
1849,达人推荐,对照组,0,0,0.0,0,0.0
1850,短视频投放,对照组,0,1,98.8,0,98.8
1851,短视频投放,对照组,0,0,0.0,0,0.0
1852,短视频投放,实验组,1,1,50.54,10,40.54
1853,站内活动,对照组,0,0,0.0,0,0.0
1854,自然流量,实验组,1,0,0.0,0,0.0
1855,达人推荐,实验组,1,0,0.0,0,0.0
1856,站内活动,对照组,0,0,0.0,0,0.0
1857,达人推荐,对照组,0,0,0.0,0,0.0
1858,短视频投放,对照组,0,0,0.0,0,0.0
1859,达人推荐,实验组,1,0,0.0,0,0.0
1860,短视频投放,实验组,1,0,0.0,0,0.0
1861,短视频投放,实验组,1,0,0.0,0,0.0
1862,短视频投放,实验组,1,0,0.0,0,0.0
1863,自然流量,实验组,1,0,0.0,0,0.0
1864,自然流量,实验组,1,0,0.0,0,0.0
1865,短视频投放,对照组,0,0,0.0,0,0.0
1866,自然流量,对照组,0,0,0.0,0,0.0
1867,短视频投放,对照组,0,0,0.0,0,0.0
1868,短视频投放,实验组,1,0,0.0,0,0.0
1869,站内活动,实验组,1,0,0.0,0,0.0
1870,自然流量,对照组,0,0,0.0,0,0.0
1871,达人推荐,对照组,0,0,0.0,0,0.0
1872,短视频投放,对照组,0,0,0.0,0,0.0
1873,自然流量,实验组,1,1,49.41,10,39.41
1874,自然流量,对照组,0,0,0.0,0,0.0
1875,自然流量,实验组,1,0,0.0,0,0.0
1876,自然流量,实验组,1,0,0.0,0,0.0
1877,自然流量,实验组,1,0,0.0,0,0.0
1878,短视频投放,对照组,0,0,0.0,0,0.0
1879,短视频投放,实验组,1,1,48.8,10,38.8
1880,自然流量,对照组,0,0,0.0,0,0.0
1881,自然流量,实验组,1,0,0.0,0,0.0
1882,自然流量,实验组,1,0,0.0,0,0.0
1883,短视频投放,对照组,0,0,0.0,0,0.0
1884,自然流量,实验组,1,0,0.0,0,0.0
1885,短视频投放,实验组,1,0,0.0,0,0.0
1886,自然流量,对照组,0,0,0.0,0,0.0
1887,自然流量,对照组,0,0,0.0,0,0.0
1888,站内活动,实验组,1,0,0.0,0,0.0
1889,自然流量,实验组,1,0,0.0,0,0.0
1890,自然流量,对照组,0,0,0.0,0,0.0
1891,自然流量,对照组,0,0,0.0,0,0.0
1892,站内活动,实验组,1,1,48.72,10,38.72
1893,达人推荐,对照组,0,0,0.0,0,0.0
1894,达人推荐,实验组,1,0,0.0,0,0.0
1895,站内活动,对照组,0,0,0.0,0,0.0
1896,自然流量,对照组,0,0,0.0,0,0.0
1897,站内活动,实验组,1,0,0.0,0,0.0
1898,自然流量,实验组,1,1,42.1,10,32.1
1899,达人推荐,对照组,0,0,0.0,0,0.0
1900,短视频投放,对照组,0,0,0.0,0,0.0
1901,短视频投放,对照组,0,1,56.83,0,56.83
1902,站内活动,对照组,0,0,0.0,0,0.0
1903,自然流量,对照组,0,0,0.0,0,0.0
1904,站内活动,实验组,1,0,0.0,0,0.0
1905,短视频投放,对照组,0,0,0.0,0,0.0
1906,达人推荐,对照组,0,0,0.0,0,0.0
1907,站内活动,实验组,1,0,0.0,0,0.0
1908,自然流量,对照组,0,0,0.0,0,0.0
1909,站内活动,实验组,1,1,124.54,10,114.54
1910,短视频投放,实验组,1,0,0.0,0,0.0
1911,达人推荐,实验组,1,1,102.72,10,92.72
1912,自然流量,实验组,1,0,0.0,0,0.0
1913,短视频投放,对照组,0,0,0.0,0,0.0
1914,达人推荐,对照组,0,0,0.0,0,0.0
1915,短视频投放,实验组,1,0,0.0,0,0.0
1916,自然流量,对照组,0,0,0.0,0,0.0
1917,自然流量,实验组,1,0,0.0,0,0.0
1918,站内活动,实验组,1,0,0.0,0,0.0
1919,自然流量,实验组,1,0,0.0,0,0.0
1920,达人推荐,实验组,1,0,0.0,0,0.0
1921,站内活动,对照组,0,0,0.0,0,0.0
1922,自然流量,对照组,0,0,0.0,0,0.0
1923,自然流量,实验组,1,1,41.97,10,31.97
1924,达人推荐,实验组,1,0,0.0,0,0.0
1925,自然流量,对照组,0,0,0.0,0,0.0
1926,短视频投放,实验组,1,0,0.0,0,0.0
1927,达人推荐,对照组,0,1,191.75,0,191.75
1928,短视频投放,实验组,1,1,83.16,10,73.16
1929,短视频投放,对照组,0,0,0.0,0,0.0
1930,达人推荐,实验组,1,0,0.0,0,0.0
1931,短视频投放,实验组,1,0,0.0,0,0.0
1932,自然流量,实验组,1,0,0.0,0,0.0
1933,短视频投放,对照组,0,0,0.0,0,0.0
1934,站内活动,对照组,0,0,0.0,0,0.0
1935,达人推荐,实验组,1,0,0.0,0,0.0
1936,短视频投放,实验组,1,0,0.0,0,0.0
1937,自然流量,实验组,1,0,0.0,0,0.0
1938,自然流量,实验组,1,1,63.95,10,53.95
1939,自然流量,对照组,0,0,0.0,0,0.0
1940,自然流量,对照组,0,0,0.0,0,0.0
1941,站内活动,实验组,1,1,155.79,10,145.79
1942,自然流量,实验组,1,0,0.0,0,0.0
1943,站内活动,实验组,1,0,0.0,0,0.0
1944,自然流量,对照组,0,0,0.0,0,0.0
1945,自然流量,实验组,1,0,0.0,0,0.0
1946,短视频投放,对照组,0,0,0.0,0,0.0
1947,自然流量,实验组,1,0,0.0,0,0.0
1948,达人推荐,实验组,1,0,0.0,0,0.0
1949,站内活动,对照组,0,0,0.0,0,0.0
1950,站内活动,对照组,0,0,0.0,0,0.0
1951,自然流量,实验组,1,0,0.0,0,0.0
1952,达人推荐,对照组,0,1,33.99,0,33.99
1953,自然流量,对照组,0,0,0.0,0,0.0
1954,站内活动,对照组,0,0,0.0,0,0.0
1955,短视频投放,实验组,1,0,0.0,0,0.0
1956,自然流量,实验组,1,0,0.0,0,0.0
1957,自然流量,实验组,1,0,0.0,0,0.0
1958,自然流量,对照组,0,0,0.0,0,0.0
1959,自然流量,实验组,1,0,0.0,0,0.0
1960,站内活动,对照组,0,0,0.0,0,0.0
1961,达人推荐,对照组,0,0,0.0,0,0.0
1962,站内活动,对照组,0,0,0.0,0,0.0
1963,自然流量,实验组,1,0,0.0,0,0.0
1964,短视频投放,实验组,1,0,0.0,0,0.0
1965,自然流量,实验组,1,0,0.0,0,0.0
1966,短视频投放,对照组,0,0,0.0,0,0.0
1967,自然流量,实验组,1,0,0.0,0,0.0
1968,自然流量,实验组,1,1,87.09,10,77.09
1969,短视频投放,实验组,1,0,0.0,0,0.0
1970,自然流量,对照组,0,0,0.0,0,0.0
1971,短视频投放,对照组,0,0,0.0,0,0.0
1972,达人推荐,对照组,0,0,0.0,0,0.0
1973,自然流量,实验组,1,0,0.0,0,0.0
1974,站内活动,对照组,0,0,0.0,0,0.0
1975,短视频投放,对照组,0,0,0.0,0,0.0
1976,站内活动,对照组,0,0,0.0,0,0.0
1977,达人推荐,对照组,0,0,0.0,0,0.0
1978,达人推荐,对照组,0,1,90.25,0,90.25
1979,达人推荐,对照组,0,0,0.0,0,0.0
1980,站内活动,实验组,1,0,0.0,0,0.0
1981,达人推荐,对照组,0,0,0.0,0,0.0
1982,自然流量,实验组,1,0,0.0,0,0.0
1983,自然流量,实验组,1,0,0.0,0,0.0
1984,达人推荐,对照组,0,0,0.0,0,0.0
1985,自然流量,对照组,0,0,0.0,0,0.0
1986,自然流量,实验组,1,0,0.0,0,0.0
1987,自然流量,对照组,0,0,0.0,0,0.0
1988,短视频投放,实验组,1,0,0.0,0,0.0
1989,自然流量,实验组,1,0,0.0,0,0.0
1990,达人推荐,实验组,1,0,0.0,0,0.0
1991,达人推荐,对照组,0,1,111.92,0,111.92
1992,站内活动,实验组,1,1,65.16,10,55.16
1993,自然流量,对照组,0,0,0.0,0,0.0
1994,短视频投放,实验组,1,0,0.0,0,0.0
1995,短视频投放,实验组,1,1,118.64,10,108.64
1996,短视频投放,对照组,0,0,0.0,0,0.0
1997,达人推荐,对照组,0,1,28.84,0,28.84
1998,自然流量,实验组,1,0,0.0,0,0.0
1999,站内活动,实验组,1,0,0.0,0,0.0
2000,自然流量,对照组,0,1,147.39,0,147.39
