user_id,register_date,channel,city_level
1,2025-01-17,自然流量,三线及以下
2,2025-05-21,短视频投放,二线
3,2025-04-29,自然流量,新一线
4,2025-03-21,自然流量,三线及以下
5,2025-03-20,达人推荐,一线
6,2025-06-05,短视频投放,三线及以下
7,2025-01-16,站内活动,二线
8,2025-05-07,自然流量,一线
9,2025-02-06,达人推荐,一线
10,2025-01-18,短视频投放,三线及以下
11,2025-04-06,达人推荐,新一线
12,2025-06-26,短视频投放,三线及以下
13,2025-05-14,短视频投放,三线及以下
14,2025-05-18,站内活动,二线
15,2025-05-10,自然流量,新一线
16,2025-05-23,自然流量,三线及以下
17,2025-04-03,达人推荐,三线及以下
18,2025-01-24,站内活动,一线
19,2025-06-01,自然流量,新一线
20,2025-03-23,短视频投放,新一线
21,2025-04-01,站内活动,新一线
22,2025-03-09,达人推荐,三线及以下
23,2025-02-03,站内活动,二线
24,2025-06-17,短视频投放,二线
25,2025-05-22,达人推荐,新一线
26,2025-04-27,自然流量,一线
27,2025-03-14,站内活动,新一线
28,2025-05-29,短视频投放,三线及以下
29,2025-04-09,达人推荐,二线
30,2025-03-22,短视频投放,新一线
31,2025-03-23,短视频投放,三线及以下
32,2025-02-11,达人推荐,一线
33,2025-01-17,短视频投放,新一线
34,2025-04-11,站内活动,新一线
35,2025-06-10,短视频投放,三线及以下
36,2025-01-12,达人推荐,三线及以下
37,2025-06-05,自然流量,二线
38,2025-05-30,短视频投放,一线
39,2025-02-20,短视频投放,新一线
40,2025-04-25,自然流量,二线
41,2025-01-30,自然流量,新一线
42,2025-05-18,达人推荐,三线及以下
43,2025-05-07,达人推荐,三线及以下
44,2025-03-06,达人推荐,二线
45,2025-01-13,自然流量,三线及以下
46,2025-06-25,自然流量,三线及以下
47,2025-03-22,自然流量,二线
48,2025-06-11,达人推荐,二线
49,2025-05-03,站内活动,三线及以下
50,2025-05-21,自然流量,新一线
51,2025-05-18,达人推荐,三线及以下
52,2025-02-05,自然流量,一线
53,2025-03-07,自然流量,二线
54,2025-03-26,自然流量,三线及以下
55,2025-04-01,自然流量,二线
56,2025-01-08,达人推荐,二线
57,2025-04-09,站内活动,二线
58,2025-01-28,自然流量,新一线
59,2025-05-15,短视频投放,新一线
60,2025-05-04,达人推荐,新一线
61,2025-06-16,站内活动,二线
62,2025-05-15,达人推荐,二线
63,2025-03-08,自然流量,新一线
64,2025-06-25,达人推荐,三线及以下
65,2025-03-16,自然流量,新一线
66,2025-02-28,站内活动,二线
67,2025-06-13,短视频投放,二线
68,2025-03-09,达人推荐,新一线
69,2025-01-14,自然流量,三线及以下
70,2025-03-26,短视频投放,二线
71,2025-05-25,站内活动,一线
72,2025-02-04,达人推荐,三线及以下
73,2025-03-25,短视频投放,三线及以下
74,2025-01-24,站内活动,三线及以下
75,2025-05-05,站内活动,三线及以下
76,2025-03-28,自然流量,三线及以下
77,2025-03-01,短视频投放,新一线
78,2025-02-11,短视频投放,二线
79,2025-04-13,达人推荐,二线
80,2025-05-02,自然流量,新一线
81,2025-06-20,自然流量,新一线
82,2025-03-21,站内活动,一线
83,2025-01-30,站内活动,二线
84,2025-05-31,站内活动,三线及以下
85,2025-04-24,站内活动,三线及以下
86,2025-05-07,达人推荐,新一线
87,2025-01-18,达人推荐,新一线
88,2025-02-26,达人推荐,二线
89,2025-05-19,短视频投放,二线
90,2025-05-31,短视频投放,三线及以下
91,2025-03-20,自然流量,三线及以下
92,2025-05-26,达人推荐,三线及以下
93,2025-06-02,自然流量,三线及以下
94,2025-03-12,自然流量,三线及以下
95,2025-06-12,短视频投放,二线
96,2025-02-22,短视频投放,一线
97,2025-02-13,自然流量,一线
98,2025-05-04,站内活动,新一线
99,2025-04-26,站内活动,新一线
100,2025-01-26,自然流量,新一线
101,2025-05-31,自然流量,三线及以下
102,2025-02-06,自然流量,新一线
103,2025-05-26,达人推荐,三线及以下
104,2025-01-02,站内活动,三线及以下
105,2025-05-25,自然流量,二线
106,2025-05-23,达人推荐,二线
107,2025-05-22,自然流量,新一线
108,2025-05-01,短视频投放,二线
109,2025-03-27,站内活动,新一线
110,2025-05-08,自然流量,三线及以下
111,2025-02-20,自然流量,新一线
112,2025-05-22,短视频投放,新一线
113,2025-04-11,达人推荐,三线及以下
114,2025-03-25,站内活动,二线
115,2025-04-02,站内活动,二线
116,2025-04-13,自然流量,二线
117,2025-01-07,自然流量,新一线
118,2025-01-26,达人推荐,二线
119,2025-02-14,自然流量,新一线
120,2025-01-21,站内活动,新一线
121,2025-03-21,达人推荐,新一线
122,2025-05-01,自然流量,新一线
123,2025-04-29,站内活动,新一线
124,2025-03-27,自然流量,二线
125,2025-06-04,短视频投放,新一线
126,2025-04-13,短视频投放,新一线
127,2025-01-15,短视频投放,二线
128,2025-05-19,达人推荐,一线
129,2025-04-15,达人推荐,二线
130,2025-04-25,站内活动,三线及以下
131,2025-04-13,站内活动,二线
132,2025-04-11,短视频投放,三线及以下
133,2025-01-17,自然流量,一线
134,2025-04-12,达人推荐,一线
135,2025-05-24,站内活动,三线及以下
136,2025-02-25,自然流量,三线及以下
137,2025-04-20,短视频投放,三线及以下
138,2025-01-06,短视频投放,一线
139,2025-03-04,自然流量,三线及以下
140,2025-03-21,达人推荐,新一线
141,2025-06-27,短视频投放,新一线
142,2025-02-08,达人推荐,新一线
143,2025-02-20,站内活动,三线及以下
144,2025-03-15,站内活动,一线
145,2025-06-29,短视频投放,三线及以下
146,2025-06-04,自然流量,二线
147,2025-01-07,达人推荐,三线及以下
148,2025-02-12,站内活动,三线及以下
149,2025-05-29,短视频投放,三线及以下
150,2025-01-11,站内活动,新一线
151,2025-06-04,自然流量,一线
152,2025-02-20,站内活动,二线
153,2025-06-16,自然流量,新一线
154,2025-02-23,自然流量,一线
155,2025-03-20,短视频投放,新一线
156,2025-04-30,自然流量,新一线
157,2025-01-23,自然流量,一线
158,2025-04-11,自然流量,一线
159,2025-04-02,短视频投放,三线及以下
160,2025-05-22,达人推荐,新一线
161,2025-06-30,自然流量,三线及以下
162,2025-05-01,达人推荐,三线及以下
163,2025-03-16,站内活动,一线
164,2025-03-15,自然流量,三线及以下
165,2025-03-17,自然流量,二线
166,2025-05-28,站内活动,二线
167,2025-02-28,站内活动,一线
168,2025-01-31,短视频投放,新一线
169,2025-03-02,站内活动,一线
170,2025-01-05,自然流量,二线
171,2025-01-20,短视频投放,三线及以下
172,2025-01-17,达人推荐,二线
173,2025-05-20,自然流量,三线及以下
174,2025-05-11,达人推荐,三线及以下
175,2025-05-07,短视频投放,二线
176,2025-03-25,达人推荐,一线
177,2025-05-10,短视频投放,三线及以下
178,2025-01-30,短视频投放,新一线
179,2025-06-13,自然流量,一线
180,2025-04-01,自然流量,二线
181,2025-06-19,达人推荐,三线及以下
182,2025-01-28,自然流量,新一线
183,2025-04-01,自然流量,二线
184,2025-05-07,自然流量,新一线
185,2025-03-31,自然流量,一线
186,2025-03-22,站内活动,一线
187,2025-01-31,短视频投放,三线及以下
188,2025-03-10,站内活动,三线及以下
189,2025-02-13,自然流量,一线
190,2025-02-24,达人推荐,新一线
191,2025-05-04,短视频投放,新一线
192,2025-04-25,短视频投放,一线
193,2025-04-20,站内活动,二线
194,2025-03-07,站内活动,二线
195,2025-06-23,站内活动,二线
196,2025-01-16,自然流量,新一线
197,2025-03-04,自然流量,二线
198,2025-01-22,达人推荐,一线
199,2025-03-03,自然流量,新一线
200,2025-06-24,达人推荐,三线及以下
201,2025-03-08,短视频投放,三线及以下
202,2025-06-14,短视频投放,三线及以下
203,2025-03-31,站内活动,三线及以下
204,2025-05-07,达人推荐,二线
205,2025-03-24,自然流量,三线及以下
206,2025-02-18,自然流量,二线
207,2025-05-19,达人推荐,一线
208,2025-06-25,短视频投放,一线
209,2025-02-17,自然流量,一线
210,2025-05-21,短视频投放,一线
211,2025-02-17,达人推荐,新一线
212,2025-05-10,站内活动,三线及以下
213,2025-05-23,短视频投放,三线及以下
214,2025-03-23,短视频投放,二线
215,2025-05-14,自然流量,一线
216,2025-02-19,短视频投放,三线及以下
217,2025-01-15,自然流量,新一线
218,2025-01-18,短视频投放,一线
219,2025-03-22,达人推荐,新一线
220,2025-06-13,自然流量,新一线
221,2025-01-24,自然流量,新一线
222,2025-03-24,自然流量,三线及以下
223,2025-05-08,站内活动,三线及以下
224,2025-02-06,达人推荐,二线
225,2025-05-11,自然流量,一线
226,2025-02-25,站内活动,三线及以下
227,2025-05-27,短视频投放,二线
228,2025-04-15,短视频投放,新一线
229,2025-04-09,站内活动,二线
230,2025-02-01,自然流量,二线
231,2025-03-25,自然流量,二线
232,2025-06-05,短视频投放,一线
233,2025-01-04,自然流量,二线
234,2025-05-18,达人推荐,一线
235,2025-03-31,自然流量,新一线
236,2025-05-11,自然流量,一线
237,2025-05-01,自然流量,三线及以下
238,2025-03-20,短视频投放,新一线
239,2025-02-25,自然流量,新一线
240,2025-04-24,自然流量,新一线
241,2025-01-26,站内活动,三线及以下
242,2025-04-16,自然流量,二线
243,2025-01-18,短视频投放,三线及以下
244,2025-04-28,自然流量,新一线
245,2025-04-24,短视频投放,一线
246,2025-01-16,自然流量,二线
247,2025-05-18,达人推荐,新一线
248,2025-03-17,自然流量,三线及以下
249,2025-05-23,站内活动,三线及以下
250,2025-01-08,站内活动,二线
251,2025-02-02,自然流量,三线及以下
252,2025-03-31,自然流量,二线
253,2025-02-04,自然流量,新一线
254,2025-03-01,达人推荐,二线
255,2025-04-30,自然流量,一线
256,2025-01-27,站内活动,三线及以下
257,2025-05-03,达人推荐,一线
258,2025-01-19,站内活动,新一线
259,2025-02-01,短视频投放,二线
260,2025-04-17,站内活动,一线
261,2025-05-24,自然流量,一线
262,2025-01-31,短视频投放,二线
263,2025-02-24,自然流量,一线
264,2025-06-17,站内活动,二线
265,2025-06-29,短视频投放,新一线
266,2025-04-16,站内活动,新一线
267,2025-03-22,自然流量,新一线
268,2025-03-04,站内活动,三线及以下
269,2025-04-21,短视频投放,三线及以下
270,2025-04-17,短视频投放,一线
271,2025-02-23,站内活动,三线及以下
272,2025-01-05,短视频投放,二线
273,2025-01-28,短视频投放,二线
274,2025-06-23,短视频投放,三线及以下
275,2025-03-17,自然流量,三线及以下
276,2025-03-29,自然流量,三线及以下
277,2025-03-26,自然流量,二线
278,2025-05-22,自然流量,二线
279,2025-01-12,站内活动,新一线
280,2025-01-15,短视频投放,一线
281,2025-02-19,短视频投放,二线
282,2025-03-30,短视频投放,一线
283,2025-05-02,短视频投放,新一线
284,2025-03-30,达人推荐,一线
285,2025-03-21,站内活动,新一线
286,2025-06-19,站内活动,二线
287,2025-01-30,短视频投放,二线
288,2025-04-14,自然流量,二线
289,2025-04-09,短视频投放,一线
290,2025-03-27,短视频投放,二线
291,2025-05-27,短视频投放,新一线
292,2025-02-18,达人推荐,三线及以下
293,2025-06-22,短视频投放,二线
294,2025-03-02,自然流量,二线
295,2025-04-09,自然流量,二线
296,2025-04-05,短视频投放,三线及以下
297,2025-06-03,自然流量,三线及以下
298,2025-03-21,自然流量,二线
299,2025-02-21,达人推荐,二线
300,2025-01-04,短视频投放,一线
301,2025-03-07,自然流量,三线及以下
302,2025-05-30,短视频投放,新一线
303,2025-01-02,达人推荐,新一线
304,2025-06-12,自然流量,三线及以下
305,2025-04-09,站内活动,三线及以下
306,2025-01-26,站内活动,一线
307,2025-02-24,短视频投放,一线
308,2025-04-11,达人推荐,一线
309,2025-02-27,自然流量,二线
310,2025-01-20,站内活动,一线
311,2025-05-01,短视频投放,三线及以下
312,2025-05-02,站内活动,三线及以下
313,2025-01-22,短视频投放,二线
314,2025-02-20,自然流量,二线
315,2025-02-14,自然流量,新一线
316,2025-04-30,达人推荐,一线
317,2025-05-13,短视频投放,三线及以下
318,2025-05-12,自然流量,一线
319,2025-06-19,达人推荐,一线
320,2025-05-20,站内活动,新一线
321,2025-02-28,短视频投放,一线
322,2025-01-20,短视频投放,二线
323,2025-04-22,自然流量,三线及以下
324,2025-06-15,达人推荐,三线及以下
325,2025-06-26,自然流量,二线
326,2025-02-11,站内活动,三线及以下
327,2025-02-12,短视频投放,二线
328,2025-01-07,短视频投放,三线及以下
329,2025-01-26,自然流量,二线
330,2025-04-11,自然流量,新一线
331,2025-04-09,达人推荐,三线及以下
332,2025-03-09,短视频投放,新一线
333,2025-02-26,短视频投放,一线
334,2025-05-31,站内活动,新一线
335,2025-03-25,站内活动,新一线
336,2025-05-27,站内活动,新一线
337,2025-06-24,自然流量,二线
338,2025-02-27,短视频投放,三线及以下
339,2025-02-06,站内活动,新一线
340,2025-06-22,短视频投放,二线
341,2025-04-25,自然流量,新一线
342,2025-02-22,站内活动,三线及以下
343,2025-04-23,短视频投放,新一线
344,2025-04-04,短视频投放,一线
345,2025-06-13,站内活动,二线
346,2025-02-16,达人推荐,二线
347,2025-06-29,短视频投放,三线及以下
348,2025-06-19,短视频投放,二线
349,2025-02-02,短视频投放,三线及以下
350,2025-01-30,自然流量,新一线
351,2025-04-07,达人推荐,一线
352,2025-01-09,站内活动,一线
353,2025-02-24,自然流量,一线
354,2025-03-20,自然流量,新一线
355,2025-06-25,站内活动,二线
356,2025-06-29,自然流量,新一线
357,2025-01-28,短视频投放,二线
358,2025-06-11,短视频投放,二线
359,2025-01-17,达人推荐,二线
360,2025-05-16,自然流量,二线
361,2025-06-03,达人推荐,新一线
362,2025-06-11,短视频投放,新一线
363,2025-02-10,达人推荐,二线
364,2025-06-11,自然流量,二线
365,2025-01-21,短视频投放,新一线
366,2025-04-04,短视频投放,新一线
367,2025-03-26,自然流量,二线
368,2025-02-27,自然流量,二线
369,2025-01-05,自然流量,一线
370,2025-05-20,自然流量,二线
371,2025-03-02,自然流量,三线及以下
372,2025-04-30,站内活动,一线
373,2025-03-16,短视频投放,三线及以下
374,2025-03-09,站内活动,新一线
375,2025-06-10,站内活动,二线
376,2025-01-18,自然流量,二线
377,2025-05-14,达人推荐,一线
378,2025-05-16,站内活动,三线及以下
379,2025-03-10,达人推荐,二线
380,2025-02-17,短视频投放,三线及以下
381,2025-01-01,短视频投放,新一线
382,2025-06-19,自然流量,三线及以下
383,2025-06-21,短视频投放,三线及以下
384,2025-02-13,站内活动,二线
385,2025-01-06,站内活动,新一线
386,2025-01-23,自然流量,二线
387,2025-01-13,达人推荐,二线
388,2025-05-31,自然流量,三线及以下
389,2025-06-11,站内活动,二线
390,2025-01-28,自然流量,新一线
391,2025-05-16,站内活动,一线
392,2025-02-02,站内活动,二线
393,2025-03-08,自然流量,三线及以下
394,2025-04-19,自然流量,一线
395,2025-05-11,站内活动,三线及以下
396,2025-06-08,自然流量,三线及以下
397,2025-01-09,短视频投放,一线
398,2025-02-05,站内活动,一线
399,2025-02-20,短视频投放,二线
400,2025-02-26,短视频投放,二线
401,2025-06-30,短视频投放,一线
402,2025-05-21,自然流量,三线及以下
403,2025-02-27,站内活动,二线
404,2025-06-25,自然流量,三线及以下
405,2025-04-01,自然流量,三线及以下
406,2025-04-01,自然流量,三线及以下
407,2025-03-20,站内活动,二线
408,2025-01-27,自然流量,新一线
409,2025-06-19,站内活动,二线
410,2025-01-03,达人推荐,一线
411,2025-02-01,站内活动,二线
412,2025-02-11,站内活动,一线
413,2025-02-20,站内活动,二线
414,2025-01-24,站内活动,一线
415,2025-01-04,自然流量,新一线
416,2025-05-03,达人推荐,新一线
417,2025-06-25,短视频投放,二线
418,2025-01-23,短视频投放,三线及以下
419,2025-02-23,站内活动,一线
420,2025-04-02,站内活动,三线及以下
421,2025-06-17,达人推荐,三线及以下
422,2025-05-06,短视频投放,新一线
423,2025-05-19,短视频投放,二线
424,2025-04-16,短视频投放,二线
425,2025-03-17,短视频投放,新一线
426,2025-02-06,短视频投放,二线
427,2025-06-06,自然流量,一线
428,2025-05-26,自然流量,三线及以下
429,2025-01-05,达人推荐,三线及以下
430,2025-05-10,短视频投放,三线及以下
431,2025-01-16,站内活动,二线
432,2025-05-14,达人推荐,二线
433,2025-05-30,自然流量,三线及以下
434,2025-01-24,自然流量,新一线
435,2025-03-20,自然流量,一线
436,2025-01-23,站内活动,二线
437,2025-04-13,自然流量,新一线
438,2025-06-17,短视频投放,新一线
439,2025-01-15,站内活动,一线
440,2025-03-13,站内活动,二线
441,2025-06-26,自然流量,新一线
442,2025-02-24,自然流量,新一线
443,2025-01-24,自然流量,一线
444,2025-03-30,自然流量,新一线
445,2025-04-03,自然流量,三线及以下
446,2025-04-30,短视频投放,新一线
447,2025-02-26,站内活动,二线
448,2025-06-22,短视频投放,三线及以下
449,2025-04-05,达人推荐,新一线
450,2025-02-21,自然流量,三线及以下
451,2025-06-23,站内活动,二线
452,2025-06-17,达人推荐,二线
453,2025-04-01,站内活动,一线
454,2025-01-05,站内活动,一线
455,2025-04-19,自然流量,三线及以下
456,2025-04-11,自然流量,三线及以下
457,2025-01-27,自然流量,三线及以下
458,2025-04-25,短视频投放,三线及以下
459,2025-06-02,站内活动,一线
460,2025-01-20,短视频投放,三线及以下
461,2025-05-11,达人推荐,二线
462,2025-01-26,短视频投放,三线及以下
463,2025-05-16,自然流量,一线
464,2025-03-17,自然流量,新一线
465,2025-01-02,达人推荐,三线及以下
466,2025-06-24,达人推荐,三线及以下
467,2025-01-31,短视频投放,二线
468,2025-04-18,自然流量,新一线
469,2025-02-02,达人推荐,新一线
470,2025-06-18,自然流量,三线及以下
471,2025-05-14,站内活动,二线
472,2025-05-26,自然流量,二线
473,2025-03-20,自然流量,二线
474,2025-03-26,短视频投放,二线
475,2025-04-25,短视频投放,二线
476,2025-05-23,短视频投放,二线
477,2025-06-03,短视频投放,三线及以下
478,2025-01-04,站内活动,三线及以下
479,2025-05-01,短视频投放,三线及以下
480,2025-01-20,短视频投放,二线
481,2025-02-22,短视频投放,二线
482,2025-05-31,自然流量,三线及以下
483,2025-02-15,短视频投放,三线及以下
484,2025-05-25,自然流量,二线
485,2025-03-25,达人推荐,二线
486,2025-02-12,自然流量,三线及以下
487,2025-03-02,站内活动,二线
488,2025-04-07,短视频投放,三线及以下
489,2025-05-19,站内活动,新一线
490,2025-04-20,短视频投放,二线
491,2025-06-18,自然流量,二线
492,2025-06-07,站内活动,一线
493,2025-05-17,达人推荐,三线及以下
494,2025-04-20,达人推荐,二线
495,2025-02-22,短视频投放,一线
496,2025-03-16,达人推荐,三线及以下
497,2025-01-22,站内活动,三线及以下
498,2025-03-09,达人推荐,三线及以下
499,2025-06-17,自然流量,新一线
500,2025-03-19,达人推荐,三线及以下
501,2025-01-21,达人推荐,二线
502,2025-04-28,站内活动,二线
503,2025-06-24,短视频投放,一线
504,2025-06-07,短视频投放,二线
505,2025-02-19,站内活动,三线及以下
506,2025-03-24,短视频投放,二线
507,2025-04-07,达人推荐,二线
508,2025-02-14,短视频投放,三线及以下
509,2025-02-18,自然流量,二线
510,2025-02-12,达人推荐,新一线
511,2025-06-30,自然流量,三线及以下
512,2025-05-16,自然流量,三线及以下
513,2025-06-02,达人推荐,三线及以下
514,2025-05-28,达人推荐,三线及以下
515,2025-06-23,站内活动,三线及以下
516,2025-01-20,自然流量,三线及以下
517,2025-06-09,自然流量,二线
518,2025-01-13,站内活动,新一线
519,2025-03-28,自然流量,二线
520,2025-04-18,自然流量,三线及以下
521,2025-03-06,自然流量,二线
522,2025-01-27,短视频投放,三线及以下
523,2025-02-04,站内活动,一线
524,2025-05-30,达人推荐,新一线
525,2025-02-27,达人推荐,二线
526,2025-02-26,自然流量,二线
527,2025-06-17,短视频投放,一线
528,2025-01-27,短视频投放,新一线
529,2025-06-15,自然流量,三线及以下
530,2025-06-16,自然流量,二线
531,2025-04-19,自然流量,一线
532,2025-01-30,自然流量,一线
533,2025-01-29,短视频投放,二线
534,2025-02-21,达人推荐,新一线
535,2025-04-15,自然流量,三线及以下
536,2025-01-28,短视频投放,三线及以下
537,2025-03-24,达人推荐,新一线
538,2025-01-21,达人推荐,二线
539,2025-04-08,站内活动,新一线
540,2025-01-04,短视频投放,新一线
541,2025-05-09,站内活动,三线及以下
542,2025-01-11,自然流量,二线
543,2025-02-05,短视频投放,三线及以下
544,2025-02-01,自然流量,新一线
545,2025-05-31,短视频投放,新一线
546,2025-01-10,短视频投放,二线
547,2025-03-19,自然流量,二线
548,2025-04-17,达人推荐,三线及以下
549,2025-04-04,自然流量,一线
550,2025-05-04,自然流量,三线及以下
551,2025-05-26,自然流量,三线及以下
552,2025-03-13,短视频投放,二线
553,2025-05-30,自然流量,新一线
554,2025-02-27,短视频投放,二线
555,2025-06-28,自然流量,新一线
556,2025-04-02,达人推荐,三线及以下
557,2025-05-14,站内活动,二线
558,2025-06-08,短视频投放,三线及以下
559,2025-05-24,达人推荐,二线
560,2025-06-04,站内活动,二线
561,2025-04-08,站内活动,三线及以下
562,2025-01-08,达人推荐,二线
563,2025-03-31,站内活动,三线及以下
564,2025-02-02,站内活动,新一线
565,2025-06-10,达人推荐,三线及以下
566,2025-02-12,短视频投放,三线及以下
567,2025-02-11,自然流量,三线及以下
568,2025-02-15,自然流量,二线
569,2025-04-27,短视频投放,三线及以下
570,2025-04-14,短视频投放,新一线
571,2025-06-21,短视频投放,三线及以下
572,2025-03-17,短视频投放,一线
573,2025-02-21,短视频投放,新一线
574,2025-01-09,站内活动,二线
575,2025-01-02,自然流量,新一线
576,2025-03-09,自然流量,新一线
577,2025-06-17,达人推荐,三线及以下
578,2025-04-05,站内活动,新一线
579,2025-06-11,站内活动,三线及以下
580,2025-01-19,站内活动,一线
581,2025-01-17,站内活动,三线及以下
582,2025-05-31,自然流量,三线及以下
583,2025-01-20,短视频投放,二线
584,2025-01-10,自然流量,三线及以下
585,2025-03-15,达人推荐,三线及以下
586,2025-06-17,站内活动,三线及以下
587,2025-05-05,自然流量,新一线
588,2025-01-18,短视频投放,二线
589,2025-06-01,自然流量,三线及以下
590,2025-06-02,自然流量,新一线
591,2025-05-25,自然流量,三线及以下
592,2025-06-13,自然流量,新一线
593,2025-02-13,站内活动,三线及以下
594,2025-06-27,短视频投放,一线
595,2025-02-28,站内活动,一线
596,2025-05-26,达人推荐,三线及以下
597,2025-04-15,自然流量,三线及以下
598,2025-05-22,自然流量,三线及以下
599,2025-04-24,站内活动,三线及以下
600,2025-04-27,自然流量,二线
601,2025-04-22,站内活动,新一线
602,2025-05-21,自然流量,一线
603,2025-05-14,达人推荐,二线
604,2025-01-25,站内活动,新一线
605,2025-05-30,自然流量,三线及以下
606,2025-04-08,自然流量,一线
607,2025-02-28,站内活动,一线
608,2025-04-04,自然流量,新一线
609,2025-06-25,短视频投放,新一线
610,2025-06-05,短视频投放,新一线
611,2025-05-31,自然流量,二线
612,2025-03-25,达人推荐,新一线
613,2025-05-22,达人推荐,二线
614,2025-03-11,短视频投放,三线及以下
615,2025-05-05,站内活动,二线
616,2025-04-26,自然流量,二线
617,2025-02-15,自然流量,新一线
618,2025-02-18,短视频投放,新一线
619,2025-01-12,站内活动,新一线
620,2025-01-26,自然流量,三线及以下
621,2025-03-20,自然流量,二线
622,2025-03-28,短视频投放,新一线
623,2025-01-30,站内活动,二线
624,2025-03-17,自然流量,三线及以下
625,2025-04-20,短视频投放,二线
626,2025-02-12,达人推荐,二线
627,2025-03-03,短视频投放,三线及以下
628,2025-03-08,自然流量,二线
629,2025-04-02,自然流量,二线
630,2025-03-08,短视频投放,新一线
631,2025-05-14,短视频投放,一线
632,2025-03-01,站内活动,三线及以下
633,2025-03-20,达人推荐,二线
634,2025-03-10,达人推荐,二线
635,2025-02-03,站内活动,二线
636,2025-05-05,短视频投放,一线
637,2025-02-12,短视频投放,三线及以下
638,2025-02-23,站内活动,新一线
639,2025-05-24,自然流量,三线及以下
640,2025-06-21,达人推荐,二线
641,2025-05-02,达人推荐,新一线
642,2025-06-15,自然流量,一线
643,2025-06-04,短视频投放,三线及以下
644,2025-03-29,自然流量,新一线
645,2025-05-20,自然流量,一线
646,2025-03-01,短视频投放,三线及以下
647,2025-03-25,自然流量,新一线
648,2025-04-07,达人推荐,新一线
649,2025-06-23,站内活动,新一线
650,2025-06-03,站内活动,三线及以下
651,2025-03-30,自然流量,新一线
652,2025-04-29,自然流量,新一线
653,2025-02-06,自然流量,新一线
654,2025-05-26,自然流量,新一线
655,2025-04-11,站内活动,新一线
656,2025-04-07,短视频投放,一线
657,2025-05-19,自然流量,新一线
658,2025-04-25,站内活动,二线
659,2025-01-14,短视频投放,三线及以下
660,2025-02-22,自然流量,一线
661,2025-02-01,自然流量,新一线
662,2025-05-14,达人推荐,三线及以下
663,2025-01-07,达人推荐,三线及以下
664,2025-02-06,自然流量,二线
665,2025-04-19,站内活动,新一线
666,2025-05-06,站内活动,二线
667,2025-04-02,站内活动,新一线
668,2025-06-05,自然流量,一线
669,2025-06-16,自然流量,新一线
670,2025-01-24,站内活动,二线
671,2025-06-22,自然流量,新一线
672,2025-04-22,达人推荐,二线
673,2025-04-26,达人推荐,新一线
674,2025-01-18,自然流量,新一线
675,2025-04-23,达人推荐,三线及以下
676,2025-05-12,站内活动,三线及以下
677,2025-04-16,达人推荐,新一线
678,2025-01-16,短视频投放,二线
679,2025-04-05,站内活动,新一线
680,2025-06-19,短视频投放,一线
681,2025-05-11,达人推荐,三线及以下
682,2025-01-25,站内活动,新一线
683,2025-06-23,达人推荐,二线
684,2025-06-23,自然流量,二线
685,2025-01-31,自然流量,新一线
686,2025-05-25,自然流量,一线
687,2025-03-15,短视频投放,新一线
688,2025-04-18,短视频投放,三线及以下
689,2025-03-22,短视频投放,二线
690,2025-05-22,短视频投放,新一线
691,2025-06-30,达人推荐,一线
692,2025-05-24,站内活动,二线
693,2025-06-18,自然流量,一线
694,2025-06-21,达人推荐,二线
695,2025-01-17,达人推荐,三线及以下
696,2025-02-15,短视频投放,二线
697,2025-05-11,自然流量,新一线
698,2025-04-17,达人推荐,一线
699,2025-01-10,站内活动,一线
700,2025-01-18,达人推荐,二线
701,2025-04-05,站内活动,三线及以下
702,2025-04-22,站内活动,新一线
703,2025-01-31,短视频投放,二线
704,2025-02-01,达人推荐,二线
705,2025-01-24,短视频投放,一线
706,2025-04-13,站内活动,新一线
707,2025-01-02,自然流量,新一线
708,2025-04-14,短视频投放,二线
709,2025-03-28,站内活动,二线
710,2025-03-26,自然流量,三线及以下
711,2025-05-03,达人推荐,三线及以下
712,2025-04-05,短视频投放,三线及以下
713,2025-05-12,站内活动,三线及以下
714,2025-05-19,站内活动,三线及以下
715,2025-06-16,自然流量,三线及以下
716,2025-05-25,达人推荐,三线及以下
717,2025-04-04,自然流量,三线及以下
718,2025-03-31,达人推荐,三线及以下
719,2025-02-12,达人推荐,三线及以下
720,2025-04-19,站内活动,二线
721,2025-01-26,自然流量,二线
722,2025-06-18,自然流量,二线
723,2025-06-02,达人推荐,三线及以下
724,2025-01-22,短视频投放,二线
725,2025-05-23,短视频投放,三线及以下
726,2025-01-22,自然流量,三线及以下
727,2025-05-11,自然流量,三线及以下
728,2025-01-16,站内活动,新一线
729,2025-03-30,自然流量,三线及以下
730,2025-04-30,短视频投放,三线及以下
731,2025-05-12,站内活动,三线及以下
732,2025-03-17,自然流量,三线及以下
733,2025-06-16,达人推荐,二线
734,2025-05-21,自然流量,二线
735,2025-02-07,站内活动,新一线
736,2025-05-02,达人推荐,三线及以下
737,2025-05-13,站内活动,新一线
738,2025-03-02,自然流量,三线及以下
739,2025-05-14,短视频投放,三线及以下
740,2025-06-12,达人推荐,二线
741,2025-05-28,自然流量,新一线
742,2025-05-19,自然流量,新一线
743,2025-04-25,自然流量,三线及以下
744,2025-02-18,站内活动,二线
745,2025-05-24,达人推荐,一线
746,2025-03-07,达人推荐,三线及以下
747,2025-04-07,达人推荐,新一线
748,2025-02-26,短视频投放,三线及以下
749,2025-02-26,短视频投放,新一线
750,2025-01-29,短视频投放,新一线
751,2025-06-23,达人推荐,一线
752,2025-01-27,自然流量,二线
753,2025-01-16,站内活动,二线
754,2025-06-19,站内活动,三线及以下
755,2025-04-11,自然流量,二线
756,2025-03-21,短视频投放,新一线
757,2025-05-14,自然流量,新一线
758,2025-03-11,站内活动,新一线
759,2025-01-24,站内活动,三线及以下
760,2025-05-13,站内活动,新一线
761,2025-02-01,自然流量,三线及以下
762,2025-04-11,自然流量,新一线
763,2025-06-21,自然流量,一线
764,2025-06-19,自然流量,新一线
765,2025-03-07,自然流量,一线
766,2025-05-22,自然流量,三线及以下
767,2025-04-21,站内活动,二线
768,2025-03-28,自然流量,新一线
769,2025-01-26,自然流量,二线
770,2025-03-10,站内活动,二线
771,2025-04-28,短视频投放,三线及以下
772,2025-06-28,达人推荐,三线及以下
773,2025-01-01,达人推荐,二线
774,2025-05-10,站内活动,三线及以下
775,2025-06-03,达人推荐,三线及以下
776,2025-06-22,短视频投放,二线
777,2025-03-18,达人推荐,三线及以下
778,2025-01-22,短视频投放,一线
779,2025-02-19,自然流量,三线及以下
780,2025-06-03,短视频投放,三线及以下
781,2025-06-08,自然流量,一线
782,2025-04-26,达人推荐,三线及以下
783,2025-01-23,自然流量,三线及以下
784,2025-01-23,自然流量,新一线
785,2025-03-28,自然流量,二线
786,2025-04-17,站内活动,三线及以下
787,2025-01-06,自然流量,三线及以下
788,2025-05-05,达人推荐,一线
789,2025-04-09,站内活动,新一线
790,2025-01-03,自然流量,二线
791,2025-01-18,达人推荐,新一线
792,2025-03-24,自然流量,新一线
793,2025-05-11,自然流量,一线
794,2025-05-30,达人推荐,新一线
795,2025-03-20,站内活动,二线
796,2025-02-23,自然流量,二线
797,2025-06-25,短视频投放,二线
798,2025-03-24,自然流量,三线及以下
799,2025-02-27,短视频投放,二线
800,2025-03-22,达人推荐,新一线
801,2025-01-03,达人推荐,一线
802,2025-02-24,达人推荐,新一线
803,2025-04-04,自然流量,新一线
804,2025-06-16,达人推荐,新一线
805,2025-05-14,达人推荐,一线
806,2025-05-22,达人推荐,新一线
807,2025-04-09,自然流量,二线
808,2025-01-21,短视频投放,二线
809,2025-03-12,短视频投放,三线及以下
810,2025-06-30,自然流量,三线及以下
811,2025-01-08,自然流量,二线
812,2025-06-09,短视频投放,一线
813,2025-05-04,达人推荐,二线
814,2025-02-21,自然流量,一线
815,2025-05-21,站内活动,二线
816,2025-06-01,短视频投放,新一线
817,2025-01-08,达人推荐,二线
818,2025-01-20,短视频投放,新一线
819,2025-05-01,短视频投放,二线
820,2025-06-30,达人推荐,三线及以下
821,2025-01-05,站内活动,三线及以下
822,2025-05-01,短视频投放,二线
823,2025-01-25,短视频投放,二线
824,2025-04-28,达人推荐,一线
825,2025-04-23,达人推荐,三线及以下
826,2025-01-17,自然流量,二线
827,2025-05-04,短视频投放,新一线
828,2025-06-12,短视频投放,新一线
829,2025-06-06,站内活动,三线及以下
830,2025-01-06,短视频投放,二线
831,2025-02-14,短视频投放,二线
832,2025-02-13,站内活动,二线
833,2025-03-24,短视频投放,二线
834,2025-01-26,自然流量,二线
835,2025-06-04,自然流量,新一线
836,2025-05-21,自然流量,二线
837,2025-05-27,自然流量,二线
838,2025-02-05,短视频投放,一线
839,2025-01-03,达人推荐,三线及以下
840,2025-06-14,达人推荐,新一线
841,2025-02-22,自然流量,二线
842,2025-04-29,短视频投放,二线
843,2025-06-14,自然流量,二线
844,2025-01-07,站内活动,二线
845,2025-01-01,自然流量,三线及以下
846,2025-01-01,达人推荐,二线
847,2025-01-29,自然流量,三线及以下
848,2025-01-10,达人推荐,三线及以下
849,2025-05-29,短视频投放,新一线
850,2025-04-20,达人推荐,新一线
851,2025-06-27,自然流量,二线
852,2025-05-26,站内活动,新一线
853,2025-06-24,短视频投放,新一线
854,2025-02-13,达人推荐,新一线
855,2025-02-22,站内活动,二线
856,2025-06-03,站内活动,新一线
857,2025-02-14,自然流量,三线及以下
858,2025-01-11,自然流量,二线
859,2025-05-02,自然流量,三线及以下
860,2025-05-25,自然流量,一线
861,2025-06-25,短视频投放,二线
862,2025-06-17,站内活动,一线
863,2025-01-22,站内活动,二线
864,2025-05-20,短视频投放,新一线
865,2025-06-03,达人推荐,三线及以下
866,2025-05-07,站内活动,新一线
867,2025-05-29,站内活动,二线
868,2025-06-01,自然流量,新一线
869,2025-03-22,短视频投放,二线
870,2025-01-08,站内活动,二线
871,2025-03-24,自然流量,新一线
872,2025-02-06,短视频投放,新一线
873,2025-01-21,站内活动,一线
874,2025-01-23,站内活动,一线
875,2025-05-07,站内活动,三线及以下
876,2025-04-02,达人推荐,二线
877,2025-04-08,自然流量,一线
878,2025-05-15,自然流量,三线及以下
879,2025-04-10,短视频投放,一线
880,2025-04-25,短视频投放,二线
881,2025-01-16,短视频投放,三线及以下
882,2025-06-04,达人推荐,三线及以下
883,2025-03-23,短视频投放,三线及以下
884,2025-01-29,达人推荐,二线
885,2025-05-28,自然流量,三线及以下
886,2025-05-13,自然流量,一线
887,2025-01-10,自然流量,三线及以下
888,2025-02-04,自然流量,三线及以下
889,2025-01-03,站内活动,三线及以下
890,2025-02-19,短视频投放,新一线
891,2025-01-19,自然流量,一线
892,2025-05-09,达人推荐,二线
893,2025-04-05,短视频投放,二线
894,2025-06-27,自然流量,二线
895,2025-05-16,自然流量,三线及以下
896,2025-04-21,自然流量,二线
897,2025-04-03,达人推荐,新一线
898,2025-01-10,自然流量,二线
899,2025-01-13,自然流量,一线
900,2025-04-22,自然流量,新一线
901,2025-01-01,短视频投放,一线
902,2025-01-08,自然流量,三线及以下
903,2025-02-09,站内活动,三线及以下
904,2025-06-10,自然流量,二线
905,2025-03-25,达人推荐,新一线
906,2025-05-09,短视频投放,二线
907,2025-03-16,短视频投放,三线及以下
908,2025-02-01,自然流量,三线及以下
909,2025-03-09,站内活动,二线
910,2025-01-17,站内活动,三线及以下
911,2025-05-20,自然流量,二线
912,2025-02-03,自然流量,二线
913,2025-03-10,站内活动,三线及以下
914,2025-06-27,短视频投放,新一线
915,2025-04-18,自然流量,新一线
916,2025-03-24,自然流量,新一线
917,2025-04-09,达人推荐,二线
918,2025-05-22,达人推荐,二线
919,2025-02-16,短视频投放,二线
920,2025-04-26,站内活动,二线
921,2025-06-07,短视频投放,新一线
922,2025-04-14,自然流量,三线及以下
923,2025-03-22,短视频投放,新一线
924,2025-01-27,短视频投放,三线及以下
925,2025-02-14,自然流量,新一线
926,2025-06-21,自然流量,二线
927,2025-04-08,短视频投放,二线
928,2025-02-24,达人推荐,三线及以下
929,2025-03-17,自然流量,一线
930,2025-04-15,短视频投放,三线及以下
931,2025-04-08,达人推荐,二线
932,2025-05-07,达人推荐,二线
933,2025-02-16,达人推荐,二线
934,2025-04-28,站内活动,一线
935,2025-03-22,达人推荐,二线
936,2025-06-20,自然流量,新一线
937,2025-01-29,短视频投放,新一线
938,2025-01-27,达人推荐,二线
939,2025-03-25,自然流量,二线
940,2025-04-03,自然流量,一线
941,2025-05-06,自然流量,一线
942,2025-03-15,短视频投放,新一线
943,2025-06-15,短视频投放,新一线
944,2025-03-27,自然流量,二线
945,2025-01-24,站内活动,新一线
946,2025-01-22,站内活动,三线及以下
947,2025-06-26,自然流量,新一线
948,2025-01-25,站内活动,一线
949,2025-06-21,自然流量,三线及以下
950,2025-02-20,站内活动,新一线
951,2025-01-17,站内活动,二线
952,2025-02-25,自然流量,三线及以下
953,2025-04-22,达人推荐,三线及以下
954,2025-03-19,站内活动,三线及以下
955,2025-05-23,站内活动,一线
956,2025-04-21,站内活动,二线
957,2025-03-14,短视频投放,三线及以下
958,2025-04-25,自然流量,三线及以下
959,2025-06-25,站内活动,一线
960,2025-03-16,达人推荐,新一线
961,2025-01-28,达人推荐,新一线
962,2025-03-15,短视频投放,一线
963,2025-06-02,短视频投放,二线
964,2025-02-09,自然流量,新一线
965,2025-06-21,达人推荐,新一线
966,2025-04-17,自然流量,一线
967,2025-04-19,达人推荐,二线
968,2025-02-27,站内活动,新一线
969,2025-06-16,短视频投放,二线
970,2025-01-07,短视频投放,一线
971,2025-02-24,自然流量,三线及以下
972,2025-03-17,站内活动,一线
973,2025-03-28,达人推荐,二线
974,2025-03-27,短视频投放,新一线
975,2025-01-27,自然流量,一线
976,2025-02-10,自然流量,新一线
977,2025-01-18,短视频投放,一线
978,2025-04-14,站内活动,一线
979,2025-03-05,达人推荐,二线
980,2025-04-13,自然流量,二线
981,2025-04-17,站内活动,一线
982,2025-05-08,短视频投放,二线
983,2025-04-10,站内活动,二线
984,2025-04-28,自然流量,新一线
985,2025-04-17,达人推荐,新一线
986,2025-04-29,站内活动,一线
987,2025-04-22,自然流量,新一线
988,2025-02-27,达人推荐,二线
989,2025-02-14,站内活动,三线及以下
990,2025-05-23,自然流量,三线及以下
991,2025-03-04,自然流量,三线及以下
992,2025-04-10,达人推荐,二线
993,2025-02-05,自然流量,一线
994,2025-03-20,自然流量,新一线
995,2025-04-06,短视频投放,新一线
996,2025-04-24,达人推荐,一线
997,2025-04-06,自然流量,一线
998,2025-03-07,自然流量,二线
999,2025-06-24,站内活动,新一线
1000,2025-04-03,短视频投放,新一线
1001,2025-05-27,站内活动,三线及以下
1002,2025-05-14,短视频投放,新一线
1003,2025-04-12,站内活动,三线及以下
1004,2025-06-10,达人推荐,新一线
1005,2025-01-24,自然流量,二线
1006,2025-06-16,站内活动,新一线
1007,2025-06-03,短视频投放,二线
1008,2025-04-02,自然流量,新一线
1009,2025-05-13,自然流量,新一线
1010,2025-04-05,达人推荐,二线
1011,2025-02-18,自然流量,新一线
1012,2025-05-25,自然流量,新一线
1013,2025-02-14,自然流量,三线及以下
1014,2025-02-26,短视频投放,一线
1015,2025-04-04,短视频投放,二线
1016,2025-06-01,短视频投放,二线
1017,2025-03-11,自然流量,新一线
1018,2025-03-31,自然流量,二线
1019,2025-01-08,达人推荐,一线
1020,2025-01-21,短视频投放,三线及以下
1021,2025-01-11,达人推荐,新一线
1022,2025-01-14,自然流量,新一线
1023,2025-06-07,自然流量,新一线
1024,2025-06-02,自然流量,三线及以下
1025,2025-05-29,短视频投放,三线及以下
1026,2025-01-11,短视频投放,三线及以下
1027,2025-01-15,站内活动,二线
1028,2025-02-20,短视频投放,二线
1029,2025-04-13,短视频投放,二线
1030,2025-03-02,短视频投放,三线及以下
1031,2025-03-30,自然流量,二线
1032,2025-02-01,短视频投放,新一线
1033,2025-05-13,自然流量,二线
1034,2025-02-26,短视频投放,二线
1035,2025-01-13,自然流量,一线
1036,2025-05-15,达人推荐,新一线
1037,2025-06-13,站内活动,新一线
1038,2025-01-03,自然流量,三线及以下
1039,2025-03-21,达人推荐,新一线
1040,2025-05-30,达人推荐,三线及以下
1041,2025-05-08,自然流量,二线
1042,2025-06-05,达人推荐,三线及以下
1043,2025-03-17,达人推荐,一线
1044,2025-03-09,站内活动,三线及以下
1045,2025-05-09,站内活动,二线
1046,2025-01-28,自然流量,新一线
1047,2025-02-13,短视频投放,新一线
1048,2025-04-19,短视频投放,新一线
1049,2025-05-01,自然流量,新一线
1050,2025-01-22,自然流量,三线及以下
1051,2025-04-03,站内活动,三线及以下
1052,2025-03-08,自然流量,二线
1053,2025-04-01,短视频投放,二线
1054,2025-06-23,站内活动,二线
1055,2025-01-14,自然流量,三线及以下
1056,2025-06-30,短视频投放,三线及以下
1057,2025-03-23,站内活动,新一线
1058,2025-05-20,短视频投放,三线及以下
1059,2025-03-18,自然流量,新一线
1060,2025-02-26,自然流量,三线及以下
1061,2025-05-20,站内活动,三线及以下
1062,2025-05-05,自然流量,三线及以下
1063,2025-01-27,短视频投放,新一线
1064,2025-05-08,自然流量,二线
1065,2025-05-17,短视频投放,一线
1066,2025-03-12,站内活动,三线及以下
1067,2025-06-17,短视频投放,新一线
1068,2025-04-27,站内活动,二线
1069,2025-03-02,自然流量,三线及以下
1070,2025-01-02,短视频投放,新一线
1071,2025-05-03,站内活动,新一线
1072,2025-02-07,短视频投放,二线
1073,2025-05-17,自然流量,二线
1074,2025-04-06,站内活动,新一线
1075,2025-03-26,短视频投放,一线
1076,2025-01-30,短视频投放,二线
1077,2025-05-09,站内活动,二线
1078,2025-01-31,自然流量,二线
1079,2025-03-17,自然流量,新一线
1080,2025-06-01,自然流量,二线
1081,2025-06-16,短视频投放,新一线
1082,2025-06-29,自然流量,新一线
1083,2025-06-23,达人推荐,三线及以下
1084,2025-04-11,自然流量,新一线
1085,2025-02-06,达人推荐,二线
1086,2025-06-01,自然流量,三线及以下
1087,2025-05-26,短视频投放,二线
1088,2025-06-29,自然流量,二线
1089,2025-04-28,达人推荐,一线
1090,2025-01-26,短视频投放,新一线
1091,2025-04-02,短视频投放,一线
1092,2025-03-23,站内活动,三线及以下
1093,2025-06-02,短视频投放,三线及以下
1094,2025-03-13,自然流量,新一线
1095,2025-03-01,站内活动,新一线
1096,2025-01-15,自然流量,新一线
1097,2025-06-01,自然流量,二线
1098,2025-05-17,短视频投放,二线
1099,2025-01-08,自然流量,二线
1100,2025-03-20,自然流量,三线及以下
1101,2025-03-28,达人推荐,新一线
1102,2025-03-26,自然流量,二线
1103,2025-06-16,站内活动,二线
1104,2025-01-28,站内活动,新一线
1105,2025-02-25,达人推荐,三线及以下
1106,2025-02-02,达人推荐,一线
1107,2025-02-14,达人推荐,三线及以下
1108,2025-06-14,站内活动,三线及以下
1109,2025-06-20,自然流量,三线及以下
1110,2025-01-09,自然流量,二线
1111,2025-04-25,短视频投放,新一线
1112,2025-02-12,短视频投放,三线及以下
1113,2025-02-04,自然流量,三线及以下
1114,2025-02-22,达人推荐,二线
1115,2025-02-05,自然流量,三线及以下
1116,2025-03-30,站内活动,新一线
1117,2025-06-30,自然流量,二线
1118,2025-04-17,自然流量,三线及以下
1119,2025-05-11,自然流量,新一线
1120,2025-03-31,自然流量,二线
1121,2025-01-03,自然流量,三线及以下
1122,2025-01-16,自然流量,三线及以下
1123,2025-02-18,自然流量,三线及以下
1124,2025-02-14,自然流量,新一线
1125,2025-06-02,短视频投放,三线及以下
1126,2025-06-02,短视频投放,新一线
1127,2025-06-04,自然流量,二线
1128,2025-04-26,自然流量,二线
1129,2025-04-11,自然流量,三线及以下
1130,2025-04-28,自然流量,三线及以下
1131,2025-03-15,自然流量,三线及以下
1132,2025-05-02,达人推荐,二线
1133,2025-05-24,站内活动,二线
1134,2025-05-19,站内活动,二线
1135,2025-04-22,短视频投放,二线
1136,2025-01-11,短视频投放,一线
1137,2025-05-12,自然流量,二线
1138,2025-03-08,达人推荐,三线及以下
1139,2025-05-15,达人推荐,三线及以下
1140,2025-04-08,站内活动,三线及以下
1141,2025-06-09,站内活动,新一线
1142,2025-03-03,短视频投放,二线
1143,2025-06-18,达人推荐,一线
1144,2025-06-02,站内活动,新一线
1145,2025-03-01,自然流量,二线
1146,2025-03-29,站内活动,新一线
1147,2025-04-07,自然流量,一线
1148,2025-05-20,站内活动,二线
1149,2025-05-05,达人推荐,二线
1150,2025-06-04,自然流量,二线
1151,2025-03-08,达人推荐,新一线
1152,2025-04-02,自然流量,二线
1153,2025-03-19,达人推荐,二线
1154,2025-06-14,达人推荐,二线
1155,2025-02-25,达人推荐,二线
1156,2025-04-17,站内活动,一线
1157,2025-01-22,自然流量,三线及以下
1158,2025-06-03,自然流量,一线
1159,2025-03-11,短视频投放,二线
1160,2025-03-03,自然流量,新一线
1161,2025-04-16,短视频投放,二线
1162,2025-04-01,自然流量,新一线
1163,2025-06-03,短视频投放,三线及以下
1164,2025-04-07,短视频投放,新一线
1165,2025-04-04,站内活动,二线
1166,2025-01-20,自然流量,新一线
1167,2025-01-04,站内活动,一线
1168,2025-03-14,短视频投放,二线
1169,2025-06-30,自然流量,二线
1170,2025-06-16,短视频投放,二线
1171,2025-04-24,短视频投放,三线及以下
1172,2025-04-25,自然流量,三线及以下
1173,2025-03-12,短视频投放,三线及以下
1174,2025-02-02,自然流量,新一线
1175,2025-01-02,短视频投放,三线及以下
1176,2025-03-03,短视频投放,二线
1177,2025-02-27,短视频投放,二线
1178,2025-02-04,站内活动,三线及以下
1179,2025-02-16,自然流量,二线
1180,2025-01-05,站内活动,三线及以下
1181,2025-04-21,达人推荐,三线及以下
1182,2025-06-17,站内活动,一线
1183,2025-05-06,站内活动,二线
1184,2025-03-23,自然流量,二线
1185,2025-03-18,短视频投放,三线及以下
1186,2025-02-25,自然流量,三线及以下
1187,2025-01-26,站内活动,一线
1188,2025-04-19,短视频投放,一线
1189,2025-04-13,自然流量,一线
1190,2025-01-02,站内活动,二线
1191,2025-03-17,自然流量,一线
1192,2025-02-20,短视频投放,三线及以下
1193,2025-01-31,达人推荐,二线
1194,2025-05-08,自然流量,三线及以下
1195,2025-04-06,短视频投放,新一线
1196,2025-04-25,站内活动,二线
1197,2025-05-10,自然流量,一线
1198,2025-06-27,短视频投放,三线及以下
1199,2025-05-26,自然流量,新一线
1200,2025-04-23,达人推荐,一线
1201,2025-06-09,自然流量,新一线
1202,2025-03-28,站内活动,三线及以下
1203,2025-06-28,站内活动,一线
1204,2025-05-18,自然流量,二线
1205,2025-04-28,自然流量,三线及以下
1206,2025-06-13,短视频投放,三线及以下
1207,2025-04-04,达人推荐,新一线
1208,2025-05-11,短视频投放,一线
1209,2025-02-21,自然流量,二线
1210,2025-06-24,自然流量,新一线
1211,2025-04-23,站内活动,二线
1212,2025-05-22,短视频投放,新一线
1213,2025-03-25,站内活动,二线
1214,2025-06-06,短视频投放,一线
1215,2025-01-14,站内活动,二线
1216,2025-01-21,自然流量,新一线
1217,2025-04-02,自然流量,二线
1218,2025-05-13,站内活动,一线
1219,2025-05-27,站内活动,三线及以下
1220,2025-03-21,自然流量,二线
1221,2025-04-28,短视频投放,新一线
1222,2025-04-11,短视频投放,一线
1223,2025-06-24,短视频投放,新一线
1224,2025-04-29,自然流量,新一线
1225,2025-03-17,站内活动,新一线
1226,2025-06-25,自然流量,三线及以下
1227,2025-01-20,达人推荐,二线
1228,2025-06-28,自然流量,新一线
1229,2025-01-28,自然流量,二线
1230,2025-02-22,达人推荐,新一线
1231,2025-05-29,自然流量,三线及以下
1232,2025-05-13,达人推荐,一线
1233,2025-06-25,自然流量,三线及以下
1234,2025-05-16,站内活动,三线及以下
1235,2025-04-26,达人推荐,一线
1236,2025-03-04,站内活动,新一线
1237,2025-01-01,自然流量,新一线
1238,2025-01-23,自然流量,三线及以下
1239,2025-02-23,短视频投放,二线
1240,2025-01-08,短视频投放,二线
1241,2025-04-02,自然流量,三线及以下
1242,2025-05-21,自然流量,三线及以下
1243,2025-06-24,短视频投放,二线
1244,2025-03-30,自然流量,二线
1245,2025-06-08,短视频投放,三线及以下
1246,2025-06-28,自然流量,新一线
1247,2025-06-05,自然流量,三线及以下
1248,2025-03-26,达人推荐,一线
1249,2025-02-28,短视频投放,新一线
1250,2025-06-27,自然流量,三线及以下
1251,2025-02-13,短视频投放,新一线
1252,2025-03-16,达人推荐,一线
1253,2025-01-14,短视频投放,新一线
1254,2025-05-24,短视频投放,二线
1255,2025-04-28,站内活动,三线及以下
1256,2025-01-16,短视频投放,一线
1257,2025-02-10,站内活动,一线
1258,2025-04-11,达人推荐,二线
1259,2025-04-08,自然流量,三线及以下
1260,2025-05-26,短视频投放,新一线
1261,2025-02-18,达人推荐,三线及以下
1262,2025-06-17,站内活动,三线及以下
1263,2025-03-22,短视频投放,新一线
1264,2025-05-29,自然流量,三线及以下
1265,2025-02-13,短视频投放,二线
1266,2025-01-07,自然流量,二线
1267,2025-01-10,达人推荐,二线
1268,2025-03-09,短视频投放,三线及以下
1269,2025-06-22,达人推荐,三线及以下
1270,2025-01-09,站内活动,三线及以下
1271,2025-03-08,达人推荐,三线及以下
1272,2025-01-20,达人推荐,二线
1273,2025-06-18,达人推荐,三线及以下
1274,2025-05-03,站内活动,三线及以下
1275,2025-05-19,站内活动,新一线
1276,2025-05-10,自然流量,一线
1277,2025-04-29,短视频投放,二线
1278,2025-05-21,自然流量,三线及以下
1279,2025-01-02,站内活动,新一线
1280,2025-06-06,达人推荐,三线及以下
1281,2025-05-14,短视频投放,一线
1282,2025-05-14,自然流量,新一线
1283,2025-03-13,自然流量,二线
1284,2025-05-25,达人推荐,一线
1285,2025-03-11,自然流量,三线及以下
1286,2025-01-09,自然流量,新一线
1287,2025-06-14,站内活动,三线及以下
1288,2025-02-12,达人推荐,新一线
1289,2025-01-19,自然流量,三线及以下
1290,2025-04-23,自然流量,二线
1291,2025-02-12,站内活动,一线
1292,2025-06-05,达人推荐,一线
1293,2025-03-22,达人推荐,一线
1294,2025-01-01,自然流量,二线
1295,2025-06-22,自然流量,三线及以下
1296,2025-04-04,自然流量,二线
1297,2025-02-17,达人推荐,二线
1298,2025-05-03,自然流量,二线
1299,2025-04-07,自然流量,二线
1300,2025-01-06,达人推荐,二线
1301,2025-05-18,站内活动,二线
1302,2025-03-14,达人推荐,三线及以下
1303,2025-05-07,短视频投放,三线及以下
1304,2025-06-12,短视频投放,新一线
1305,2025-04-21,短视频投放,一线
1306,2025-05-02,自然流量,一线
1307,2025-02-16,短视频投放,二线
1308,2025-02-13,短视频投放,新一线
1309,2025-03-17,短视频投放,三线及以下
1310,2025-06-04,站内活动,二线
1311,2025-04-05,站内活动,二线
1312,2025-03-04,自然流量,三线及以下
1313,2025-05-22,短视频投放,新一线
1314,2025-06-04,自然流量,三线及以下
1315,2025-06-13,短视频投放,一线
1316,2025-02-24,自然流量,二线
1317,2025-05-09,自然流量,三线及以下
1318,2025-04-17,达人推荐,三线及以下
1319,2025-03-23,短视频投放,三线及以下
1320,2025-03-13,站内活动,新一线
1321,2025-01-21,自然流量,三线及以下
1322,2025-02-19,自然流量,二线
1323,2025-04-10,短视频投放,二线
1324,2025-06-10,自然流量,一线
1325,2025-06-06,自然流量,新一线
1326,2025-02-03,站内活动,二线
1327,2025-05-03,自然流量,一线
1328,2025-01-16,自然流量,三线及以下
1329,2025-05-03,短视频投放,三线及以下
1330,2025-03-03,短视频投放,三线及以下
1331,2025-03-23,短视频投放,一线
1332,2025-05-10,短视频投放,三线及以下
1333,2025-03-18,站内活动,一线
1334,2025-05-27,自然流量,二线
1335,2025-04-07,短视频投放,三线及以下
1336,2025-06-30,达人推荐,一线
1337,2025-04-26,站内活动,一线
1338,2025-02-23,短视频投放,一线
1339,2025-05-21,短视频投放,二线
1340,2025-03-15,自然流量,三线及以下
1341,2025-04-07,自然流量,一线
1342,2025-01-25,自然流量,一线
1343,2025-01-22,达人推荐,二线
1344,2025-04-15,自然流量,新一线
1345,2025-02-03,达人推荐,三线及以下
1346,2025-06-30,自然流量,三线及以下
1347,2025-06-04,站内活动,三线及以下
1348,2025-05-07,站内活动,三线及以下
1349,2025-05-13,自然流量,二线
1350,2025-04-18,自然流量,三线及以下
1351,2025-01-11,自然流量,新一线
1352,2025-03-13,站内活动,一线
1353,2025-03-31,自然流量,二线
1354,2025-06-15,短视频投放,一线
1355,2025-02-09,短视频投放,三线及以下
1356,2025-03-31,达人推荐,二线
1357,2025-03-04,短视频投放,三线及以下
1358,2025-01-25,短视频投放,新一线
1359,2025-01-19,站内活动,二线
1360,2025-03-08,自然流量,三线及以下
1361,2025-01-15,站内活动,新一线
1362,2025-01-13,自然流量,二线
1363,2025-03-05,短视频投放,二线
1364,2025-02-06,站内活动,三线及以下
1365,2025-04-11,达人推荐,三线及以下
1366,2025-01-04,达人推荐,一线
1367,2025-02-24,自然流量,二线
1368,2025-03-24,短视频投放,二线
1369,2025-06-24,短视频投放,一线
1370,2025-04-25,短视频投放,二线
1371,2025-06-09,短视频投放,新一线
1372,2025-03-04,自然流量,一线
1373,2025-03-23,自然流量,二线
1374,2025-03-18,自然流量,新一线
1375,2025-06-10,短视频投放,二线
1376,2025-06-23,自然流量,新一线
1377,2025-06-24,站内活动,三线及以下
1378,2025-05-17,达人推荐,新一线
1379,2025-04-02,自然流量,三线及以下
1380,2025-04-08,达人推荐,一线
1381,2025-06-27,站内活动,二线
1382,2025-02-21,自然流量,新一线
1383,2025-03-04,自然流量,新一线
1384,2025-06-12,自然流量,二线
1385,2025-03-11,自然流量,三线及以下
1386,2025-02-12,达人推荐,三线及以下
1387,2025-04-12,站内活动,新一线
1388,2025-02-28,自然流量,新一线
1389,2025-06-11,达人推荐,三线及以下
1390,2025-06-14,自然流量,二线
1391,2025-02-25,短视频投放,新一线
1392,2025-04-06,达人推荐,三线及以下
1393,2025-06-28,短视频投放,二线
1394,2025-05-15,自然流量,二线
1395,2025-02-09,短视频投放,新一线
1396,2025-04-17,站内活动,二线
1397,2025-04-23,自然流量,新一线
1398,2025-04-29,自然流量,三线及以下
1399,2025-01-05,自然流量,新一线
1400,2025-02-24,短视频投放,三线及以下
1401,2025-06-04,短视频投放,三线及以下
1402,2025-02-13,达人推荐,三线及以下
1403,2025-02-24,达人推荐,一线
1404,2025-02-28,站内活动,新一线
1405,2025-02-02,站内活动,二线
1406,2025-01-29,自然流量,二线
1407,2025-03-04,短视频投放,三线及以下
1408,2025-06-08,自然流量,新一线
1409,2025-01-01,自然流量,三线及以下
1410,2025-02-21,站内活动,新一线
1411,2025-01-11,达人推荐,新一线
1412,2025-04-12,站内活动,一线
1413,2025-02-15,短视频投放,三线及以下
1414,2025-05-24,短视频投放,新一线
1415,2025-04-16,短视频投放,新一线
1416,2025-05-22,自然流量,三线及以下
1417,2025-04-25,自然流量,二线
1418,2025-03-21,短视频投放,一线
1419,2025-06-05,自然流量,一线
1420,2025-03-28,站内活动,二线
1421,2025-06-21,自然流量,新一线
1422,2025-06-30,自然流量,新一线
1423,2025-04-17,达人推荐,二线
1424,2025-05-03,自然流量,新一线
1425,2025-02-16,站内活动,二线
1426,2025-05-28,达人推荐,新一线
1427,2025-05-02,自然流量,新一线
1428,2025-06-13,达人推荐,一线
1429,2025-02-18,达人推荐,新一线
1430,2025-05-23,达人推荐,一线
1431,2025-03-27,站内活动,新一线
1432,2025-02-03,达人推荐,三线及以下
1433,2025-01-31,短视频投放,三线及以下
1434,2025-04-12,自然流量,新一线
1435,2025-02-27,达人推荐,二线
1436,2025-01-19,站内活动,二线
1437,2025-03-19,短视频投放,三线及以下
1438,2025-04-29,达人推荐,新一线
1439,2025-02-27,短视频投放,新一线
1440,2025-06-22,达人推荐,新一线
1441,2025-05-22,站内活动,一线
1442,2025-04-03,自然流量,新一线
1443,2025-06-19,自然流量,三线及以下
1444,2025-03-20,短视频投放,三线及以下
1445,2025-01-26,短视频投放,一线
1446,2025-01-07,短视频投放,二线
1447,2025-06-19,自然流量,新一线
1448,2025-06-23,短视频投放,二线
1449,2025-05-14,短视频投放,二线
1450,2025-01-19,短视频投放,一线
1451,2025-02-23,达人推荐,三线及以下
1452,2025-01-08,达人推荐,三线及以下
1453,2025-01-10,达人推荐,二线
1454,2025-02-14,达人推荐,二线
1455,2025-04-14,达人推荐,二线
1456,2025-01-12,短视频投放,新一线
1457,2025-06-28,达人推荐,一线
1458,2025-03-24,自然流量,二线
1459,2025-02-17,自然流量,一线
1460,2025-04-04,短视频投放,三线及以下
1461,2025-05-24,站内活动,二线
1462,2025-02-26,达人推荐,二线
1463,2025-01-09,自然流量,新一线
1464,2025-01-10,短视频投放,三线及以下
1465,2025-06-04,自然流量,新一线
1466,2025-01-21,达人推荐,新一线
1467,2025-04-26,站内活动,新一线
1468,2025-03-11,短视频投放,二线
1469,2025-05-21,短视频投放,三线及以下
1470,2025-01-11,自然流量,新一线
1471,2025-06-12,短视频投放,三线及以下
1472,2025-05-07,站内活动,新一线
1473,2025-03-23,达人推荐,二线
1474,2025-02-07,短视频投放,一线
1475,2025-06-26,短视频投放,二线
1476,2025-02-24,自然流量,二线
1477,2025-03-30,自然流量,二线
1478,2025-03-13,自然流量,新一线
1479,2025-02-11,短视频投放,三线及以下
1480,2025-03-17,站内活动,三线及以下
1481,2025-01-28,短视频投放,二线
1482,2025-01-01,自然流量,二线
1483,2025-02-22,自然流量,三线及以下
1484,2025-01-21,自然流量,新一线
1485,2025-03-17,站内活动,三线及以下
1486,2025-06-06,短视频投放,新一线
1487,2025-01-30,达人推荐,三线及以下
1488,2025-01-01,站内活动,一线
1489,2025-01-21,自然流量,新一线
1490,2025-04-02,达人推荐,二线
1491,2025-02-19,站内活动,二线
1492,2025-03-30,短视频投放,三线及以下
1493,2025-01-06,自然流量,三线及以下
1494,2025-03-02,站内活动,一线
1495,2025-03-16,站内活动,新一线
1496,2025-03-20,短视频投放,新一线
1497,2025-04-10,短视频投放,二线
1498,2025-05-22,自然流量,二线
1499,2025-03-26,站内活动,三线及以下
1500,2025-06-02,短视频投放,三线及以下
1501,2025-04-06,自然流量,一线
1502,2025-02-17,达人推荐,二线
1503,2025-02-11,站内活动,二线
1504,2025-02-28,站内活动,二线
1505,2025-04-19,自然流量,一线
1506,2025-02-13,自然流量,新一线
1507,2025-06-15,站内活动,二线
1508,2025-03-28,站内活动,新一线
1509,2025-06-06,短视频投放,三线及以下
1510,2025-05-04,达人推荐,新一线
1511,2025-03-02,短视频投放,二线
1512,2025-02-11,短视频投放,二线
1513,2025-05-15,自然流量,三线及以下
1514,2025-03-01,自然流量,一线
1515,2025-02-14,自然流量,一线
1516,2025-06-18,站内活动,新一线
1517,2025-03-29,自然流量,二线
1518,2025-01-09,自然流量,新一线
1519,2025-03-31,短视频投放,三线及以下
1520,2025-03-25,自然流量,新一线
1521,2025-06-06,自然流量,一线
1522,2025-05-09,短视频投放,二线
1523,2025-02-04,短视频投放,三线及以下
1524,2025-01-28,达人推荐,三线及以下
1525,2025-04-20,站内活动,三线及以下
1526,2025-01-09,自然流量,二线
1527,2025-02-27,站内活动,三线及以下
1528,2025-01-26,站内活动,二线
1529,2025-01-04,站内活动,新一线
1530,2025-06-16,达人推荐,二线
1531,2025-01-17,达人推荐,三线及以下
1532,2025-01-02,达人推荐,新一线
1533,2025-06-18,达人推荐,二线
1534,2025-02-04,自然流量,二线
1535,2025-05-28,站内活动,二线
1536,2025-01-06,短视频投放,一线
1537,2025-01-28,达人推荐,二线
1538,2025-01-21,短视频投放,三线及以下
1539,2025-05-08,自然流量,一线
1540,2025-04-23,短视频投放,新一线
1541,2025-03-28,短视频投放,一线
1542,2025-02-13,短视频投放,一线
1543,2025-01-17,自然流量,三线及以下
1544,2025-04-14,自然流量,二线
1545,2025-02-11,短视频投放,新一线
1546,2025-04-17,短视频投放,新一线
1547,2025-05-05,站内活动,三线及以下
1548,2025-06-03,自然流量,新一线
1549,2025-03-31,自然流量,三线及以下
1550,2025-01-01,自然流量,新一线
1551,2025-02-20,短视频投放,一线
1552,2025-06-04,短视频投放,二线
1553,2025-04-07,达人推荐,一线
1554,2025-04-23,站内活动,二线
1555,2025-03-24,自然流量,新一线
1556,2025-01-30,达人推荐,三线及以下
1557,2025-06-12,自然流量,三线及以下
1558,2025-05-20,自然流量,三线及以下
1559,2025-06-30,短视频投放,一线
1560,2025-06-04,自然流量,三线及以下
1561,2025-02-22,达人推荐,三线及以下
1562,2025-02-16,达人推荐,新一线
1563,2025-02-14,达人推荐,新一线
1564,2025-06-16,短视频投放,三线及以下
1565,2025-04-11,达人推荐,新一线
1566,2025-03-24,短视频投放,二线
1567,2025-06-25,自然流量,三线及以下
1568,2025-04-20,自然流量,一线
1569,2025-06-14,达人推荐,二线
1570,2025-06-28,站内活动,二线
1571,2025-01-15,自然流量,新一线
1572,2025-03-07,短视频投放,三线及以下
1573,2025-05-13,达人推荐,新一线
1574,2025-05-28,站内活动,新一线
1575,2025-01-27,短视频投放,三线及以下
1576,2025-02-27,达人推荐,新一线
1577,2025-04-10,达人推荐,三线及以下
1578,2025-05-25,站内活动,一线
1579,2025-01-21,自然流量,二线
1580,2025-04-19,站内活动,一线
1581,2025-02-23,自然流量,二线
1582,2025-02-09,站内活动,三线及以下
1583,2025-04-04,自然流量,三线及以下
1584,2025-03-16,自然流量,三线及以下
1585,2025-04-26,自然流量,二线
1586,2025-02-27,短视频投放,三线及以下
1587,2025-05-30,自然流量,二线
1588,2025-01-15,自然流量,三线及以下
1589,2025-06-06,短视频投放,二线
1590,2025-01-06,短视频投放,三线及以下
1591,2025-05-14,达人推荐,新一线
1592,2025-03-04,站内活动,二线
1593,2025-03-11,达人推荐,三线及以下
1594,2025-01-04,自然流量,新一线
1595,2025-05-08,自然流量,新一线
1596,2025-01-30,站内活动,三线及以下
1597,2025-04-30,自然流量,二线
1598,2025-05-12,短视频投放,新一线
1599,2025-06-02,站内活动,新一线
1600,2025-05-09,站内活动,新一线
1601,2025-02-24,短视频投放,二线
1602,2025-05-14,达人推荐,三线及以下
1603,2025-05-30,短视频投放,三线及以下
1604,2025-02-27,达人推荐,二线
1605,2025-01-23,自然流量,二线
1606,2025-06-11,自然流量,新一线
1607,2025-01-27,达人推荐,三线及以下
1608,2025-04-18,自然流量,新一线
1609,2025-02-12,达人推荐,一线
1610,2025-01-23,短视频投放,三线及以下
1611,2025-05-21,站内活动,三线及以下
1612,2025-01-27,站内活动,新一线
1613,2025-05-02,短视频投放,二线
1614,2025-05-06,达人推荐,二线
1615,2025-01-11,自然流量,新一线
1616,2025-02-01,短视频投放,新一线
1617,2025-05-24,自然流量,一线
1618,2025-04-02,站内活动,二线
1619,2025-01-22,站内活动,二线
1620,2025-06-29,站内活动,二线
1621,2025-02-17,站内活动,新一线
1622,2025-01-01,站内活动,三线及以下
1623,2025-06-17,自然流量,二线
1624,2025-01-04,站内活动,三线及以下
1625,2025-04-11,短视频投放,一线
1626,2025-06-29,短视频投放,二线
1627,2025-04-15,短视频投放,三线及以下
1628,2025-04-16,自然流量,新一线
1629,2025-03-12,自然流量,新一线
1630,2025-01-23,自然流量,新一线
1631,2025-04-14,自然流量,新一线
1632,2025-06-12,短视频投放,二线
1633,2025-01-17,站内活动,新一线
1634,2025-06-09,达人推荐,新一线
1635,2025-03-17,短视频投放,二线
1636,2025-04-08,短视频投放,一线
1637,2025-01-30,短视频投放,新一线
1638,2025-04-23,自然流量,二线
1639,2025-02-03,站内活动,新一线
1640,2025-02-19,自然流量,新一线
1641,2025-05-11,达人推荐,新一线
1642,2025-01-10,达人推荐,一线
1643,2025-03-22,短视频投放,二线
1644,2025-04-18,站内活动,一线
1645,2025-01-24,自然流量,新一线
1646,2025-02-23,站内活动,三线及以下
1647,2025-03-04,达人推荐,三线及以下
1648,2025-05-01,达人推荐,新一线
1649,2025-06-26,达人推荐,新一线
1650,2025-06-01,站内活动,二线
1651,2025-02-04,站内活动,三线及以下
1652,2025-01-04,短视频投放,三线及以下
1653,2025-01-10,站内活动,一线
1654,2025-04-18,达人推荐,一线
1655,2025-01-29,短视频投放,二线
1656,2025-02-11,站内活动,三线及以下
1657,2025-06-03,短视频投放,三线及以下
1658,2025-06-08,短视频投放,一线
1659,2025-06-01,自然流量,二线
1660,2025-02-15,自然流量,新一线
1661,2025-04-23,站内活动,二线
1662,2025-04-21,短视频投放,三线及以下
1663,2025-02-03,短视频投放,二线
1664,2025-04-11,自然流量,一线
1665,2025-04-06,短视频投放,二线
1666,2025-03-13,站内活动,二线
1667,2025-05-17,站内活动,三线及以下
1668,2025-05-03,自然流量,新一线
1669,2025-04-07,短视频投放,三线及以下
1670,2025-05-12,短视频投放,新一线
1671,2025-05-19,达人推荐,新一线
1672,2025-04-13,短视频投放,新一线
1673,2025-02-18,短视频投放,一线
1674,2025-05-18,短视频投放,新一线
1675,2025-05-10,短视频投放,二线
1676,2025-06-27,短视频投放,一线
1677,2025-01-28,短视频投放,一线
1678,2025-03-17,站内活动,一线
1679,2025-06-17,达人推荐,一线
1680,2025-04-04,自然流量,三线及以下
1681,2025-06-20,站内活动,三线及以下
1682,2025-01-03,站内活动,一线
1683,2025-01-07,自然流量,三线及以下
1684,2025-05-25,短视频投放,三线及以下
1685,2025-03-06,自然流量,三线及以下
1686,2025-04-05,达人推荐,新一线
1687,2025-03-19,自然流量,新一线
1688,2025-03-15,达人推荐,二线
1689,2025-06-20,自然流量,三线及以下
1690,2025-01-18,短视频投放,三线及以下
1691,2025-05-20,站内活动,二线
1692,2025-06-11,短视频投放,新一线
1693,2025-04-29,站内活动,三线及以下
1694,2025-03-13,站内活动,三线及以下
1695,2025-01-29,站内活动,新一线
1696,2025-05-04,自然流量,二线
1697,2025-03-26,站内活动,二线
1698,2025-01-28,自然流量,二线
1699,2025-03-07,短视频投放,二线
1700,2025-06-24,站内活动,三线及以下
1701,2025-02-18,达人推荐,三线及以下
1702,2025-02-02,短视频投放,二线
1703,2025-05-04,短视频投放,新一线
1704,2025-02-06,站内活动,新一线
1705,2025-06-16,达人推荐,一线
1706,2025-06-05,短视频投放,新一线
1707,2025-06-28,站内活动,一线
1708,2025-06-15,自然流量,二线
1709,2025-02-14,自然流量,新一线
1710,2025-02-08,达人推荐,新一线
1711,2025-03-04,站内活动,三线及以下
1712,2025-03-27,自然流量,新一线
1713,2025-06-09,自然流量,二线
1714,2025-05-13,自然流量,三线及以下
1715,2025-04-27,站内活动,二线
1716,2025-06-08,自然流量,新一线
1717,2025-04-27,短视频投放,新一线
1718,2025-03-10,站内活动,二线
1719,2025-03-16,自然流量,二线
1720,2025-04-04,短视频投放,一线
1721,2025-01-17,短视频投放,二线
1722,2025-05-15,站内活动,二线
1723,2025-04-29,短视频投放,新一线
1724,2025-05-13,短视频投放,二线
1725,2025-04-07,自然流量,一线
1726,2025-05-22,达人推荐,新一线
1727,2025-06-21,达人推荐,三线及以下
1728,2025-04-14,自然流量,新一线
1729,2025-03-22,短视频投放,二线
1730,2025-01-19,站内活动,二线
1731,2025-05-21,自然流量,新一线
1732,2025-06-13,自然流量,三线及以下
1733,2025-05-07,短视频投放,新一线
1734,2025-06-06,自然流量,新一线
1735,2025-06-05,自然流量,三线及以下
1736,2025-05-25,短视频投放,三线及以下
1737,2025-04-02,自然流量,二线
1738,2025-01-19,短视频投放,一线
1739,2025-01-01,达人推荐,一线
1740,2025-02-06,短视频投放,二线
1741,2025-03-20,自然流量,新一线
1742,2025-05-15,站内活动,新一线
1743,2025-03-24,自然流量,三线及以下
1744,2025-01-05,达人推荐,新一线
1745,2025-02-08,短视频投放,一线
1746,2025-06-27,达人推荐,一线
1747,2025-06-28,自然流量,二线
1748,2025-03-10,自然流量,二线
1749,2025-05-26,短视频投放,三线及以下
1750,2025-05-11,自然流量,一线
1751,2025-06-18,自然流量,新一线
1752,2025-06-10,达人推荐,二线
1753,2025-04-24,站内活动,新一线
1754,2025-03-13,自然流量,二线
1755,2025-04-24,站内活动,三线及以下
1756,2025-02-27,达人推荐,二线
1757,2025-03-05,站内活动,二线
1758,2025-04-21,达人推荐,三线及以下
1759,2025-04-14,达人推荐,一线
1760,2025-04-16,短视频投放,三线及以下
1761,2025-03-11,达人推荐,二线
1762,2025-03-16,站内活动,二线
1763,2025-01-02,自然流量,三线及以下
1764,2025-04-19,自然流量,二线
1765,2025-04-15,自然流量,二线
1766,2025-06-19,站内活动,新一线
1767,2025-04-02,短视频投放,二线
1768,2025-03-26,达人推荐,二线
1769,2025-01-13,站内活动,新一线
1770,2025-02-05,站内活动,三线及以下
1771,2025-03-03,自然流量,二线
1772,2025-03-10,达人推荐,新一线
1773,2025-03-07,站内活动,一线
1774,2025-03-13,自然流量,二线
1775,2025-05-20,达人推荐,一线
1776,2025-01-24,短视频投放,一线
1777,2025-03-02,达人推荐,二线
1778,2025-01-30,短视频投放,一线
1779,2025-02-25,自然流量,新一线
1780,2025-05-04,自然流量,二线
1781,2025-01-09,自然流量,新一线
1782,2025-03-03,自然流量,三线及以下
1783,2025-01-05,达人推荐,三线及以下
1784,2025-06-22,短视频投放,二线
1785,2025-05-12,自然流量,三线及以下
1786,2025-02-14,达人推荐,三线及以下
1787,2025-02-05,达人推荐,新一线
1788,2025-01-18,短视频投放,三线及以下
1789,2025-03-27,站内活动,一线
1790,2025-05-17,短视频投放,二线
1791,2025-04-16,站内活动,二线
1792,2025-06-09,自然流量,一线
1793,2025-03-04,达人推荐,新一线
1794,2025-02-20,站内活动,三线及以下
1795,2025-03-28,站内活动,新一线
1796,2025-02-06,短视频投放,新一线
1797,2025-06-26,达人推荐,新一线
1798,2025-02-03,短视频投放,二线
1799,2025-03-28,达人推荐,三线及以下
1800,2025-04-05,达人推荐,三线及以下
1801,2025-01-11,站内活动,二线
1802,2025-03-26,短视频投放,新一线
1803,2025-03-24,自然流量,一线
1804,2025-02-16,短视频投放,二线
1805,2025-01-24,自然流量,三线及以下
1806,2025-01-09,自然流量,三线及以下
1807,2025-01-02,自然流量,二线
1808,2025-03-29,达人推荐,二线
1809,2025-01-17,自然流量,二线
1810,2025-06-23,自然流量,二线
1811,2025-02-14,自然流量,二线
1812,2025-04-29,站内活动,二线
1813,2025-05-02,达人推荐,二线
1814,2025-03-31,自然流量,三线及以下
1815,2025-06-09,自然流量,二线
1816,2025-01-21,短视频投放,一线
1817,2025-02-12,自然流量,新一线
1818,2025-02-15,短视频投放,二线
1819,2025-01-25,短视频投放,二线
1820,2025-02-23,站内活动,二线
1821,2025-02-26,自然流量,三线及以下
1822,2025-05-19,达人推荐,新一线
1823,2025-02-24,自然流量,二线
1824,2025-06-08,站内活动,三线及以下
1825,2025-05-20,站内活动,二线
1826,2025-06-13,达人推荐,二线
1827,2025-01-20,短视频投放,新一线
1828,2025-06-28,自然流量,二线
1829,2025-04-22,站内活动,三线及以下
1830,2025-06-27,达人推荐,三线及以下
1831,2025-03-06,自然流量,二线
1832,2025-06-22,短视频投放,新一线
1833,2025-04-17,短视频投放,二线
1834,2025-01-13,站内活动,三线及以下
1835,2025-03-16,达人推荐,新一线
1836,2025-01-25,达人推荐,三线及以下
1837,2025-06-20,达人推荐,一线
1838,2025-02-25,自然流量,一线
1839,2025-02-10,短视频投放,一线
1840,2025-04-11,自然流量,新一线
1841,2025-03-18,达人推荐,三线及以下
1842,2025-01-18,短视频投放,二线
1843,2025-05-28,短视频投放,新一线
1844,2025-06-03,自然流量,二线
1845,2025-05-15,自然流量,新一线
1846,2025-04-22,短视频投放,新一线
1847,2025-03-14,自然流量,一线
1848,2025-04-09,自然流量,二线
1849,2025-04-05,达人推荐,一线
1850,2025-01-30,短视频投放,三线及以下
1851,2025-01-15,短视频投放,新一线
1852,2025-02-15,短视频投放,三线及以下
1853,2025-03-24,站内活动,三线及以下
1854,2025-01-30,自然流量,一线
1855,2025-01-20,达人推荐,一线
1856,2025-06-04,站内活动,三线及以下
1857,2025-03-09,达人推荐,二线
1858,2025-04-16,短视频投放,二线
1859,2025-04-05,达人推荐,一线
1860,2025-05-14,短视频投放,新一线
1861,2025-05-14,短视频投放,二线
1862,2025-02-23,短视频投放,三线及以下
1863,2025-06-03,自然流量,新一线
1864,2025-03-09,自然流量,三线及以下
1865,2025-06-01,短视频投放,二线
1866,2025-03-15,自然流量,一线
1867,2025-01-21,短视频投放,新一线
1868,2025-05-18,短视频投放,新一线
1869,2025-01-06,站内活动,二线
1870,2025-05-20,自然流量,二线
1871,2025-01-08,达人推荐,二线
1872,2025-02-07,短视频投放,新一线
1873,2025-04-20,自然流量,二线
1874,2025-06-20,自然流量,二线
1875,2025-03-15,自然流量,二线
1876,2025-01-22,自然流量,二线
1877,2025-02-12,自然流量,新一线
1878,2025-06-12,短视频投放,二线
1879,2025-05-12,短视频投放,新一线
1880,2025-01-19,自然流量,新一线
1881,2025-03-11,自然流量,一线
1882,2025-02-17,自然流量,二线
1883,2025-02-02,短视频投放,二线
1884,2025-06-03,自然流量,新一线
1885,2025-04-22,短视频投放,三线及以下
1886,2025-02-02,自然流量,三线及以下
1887,2025-04-28,自然流量,一线
1888,2025-03-16,站内活动,二线
1889,2025-01-12,自然流量,新一线
1890,2025-03-23,自然流量,三线及以下
1891,2025-02-03,自然流量,新一线
1892,2025-02-14,站内活动,新一线
1893,2025-06-09,达人推荐,二线
1894,2025-05-09,达人推荐,新一线
1895,2025-01-25,站内活动,二线
1896,2025-06-04,自然流量,二线
1897,2025-04-14,站内活动,新一线
1898,2025-06-08,自然流量,二线
1899,2025-05-16,达人推荐,三线及以下
1900,2025-03-03,短视频投放,三线及以下
1901,2025-04-07,短视频投放,二线
1902,2025-04-07,站内活动,新一线
1903,2025-05-11,自然流量,新一线
1904,2025-02-14,站内活动,三线及以下
1905,2025-03-02,短视频投放,三线及以下
1906,2025-02-14,达人推荐,二线
1907,2025-02-23,站内活动,三线及以下
1908,2025-01-30,自然流量,一线
1909,2025-01-07,站内活动,二线
1910,2025-06-20,短视频投放,新一线
1911,2025-01-14,达人推荐,一线
1912,2025-06-10,自然流量,二线
1913,2025-01-01,短视频投放,新一线
1914,2025-05-21,达人推荐,三线及以下
1915,2025-03-01,短视频投放,新一线
1916,2025-04-04,自然流量,三线及以下
1917,2025-02-21,自然流量,三线及以下
1918,2025-03-30,站内活动,二线
1919,2025-03-23,自然流量,三线及以下
1920,2025-04-06,达人推荐,二线
1921,2025-03-13,站内活动,新一线
1922,2025-04-08,自然流量,新一线
1923,2025-05-30,自然流量,新一线
1924,2025-03-20,达人推荐,三线及以下
1925,2025-03-07,自然流量,二线
1926,2025-01-24,短视频投放,新一线
1927,2025-03-07,达人推荐,新一线
1928,2025-01-23,短视频投放,二线
1929,2025-02-03,短视频投放,三线及以下
1930,2025-06-22,达人推荐,新一线
1931,2025-01-17,短视频投放,三线及以下
1932,2025-03-29,自然流量,二线
1933,2025-06-01,短视频投放,三线及以下
1934,2025-06-22,站内活动,新一线
1935,2025-01-27,达人推荐,二线
1936,2025-01-30,短视频投放,新一线
1937,2025-03-09,自然流量,新一线
1938,2025-04-11,自然流量,三线及以下
1939,2025-06-23,自然流量,二线
1940,2025-02-07,自然流量,新一线
1941,2025-01-30,站内活动,三线及以下
1942,2025-02-15,自然流量,一线
1943,2025-06-08,站内活动,二线
1944,2025-01-06,自然流量,三线及以下
1945,2025-03-10,自然流量,二线
1946,2025-01-22,短视频投放,三线及以下
1947,2025-01-29,自然流量,二线
1948,2025-06-15,达人推荐,三线及以下
1949,2025-01-01,站内活动,二线
1950,2025-02-28,站内活动,二线
1951,2025-06-15,自然流量,新一线
1952,2025-04-21,达人推荐,三线及以下
1953,2025-01-13,自然流量,新一线
1954,2025-03-26,站内活动,三线及以下
1955,2025-06-25,短视频投放,新一线
1956,2025-03-14,自然流量,新一线
1957,2025-04-06,自然流量,三线及以下
1958,2025-04-07,自然流量,新一线
1959,2025-04-30,自然流量,新一线
1960,2025-02-03,站内活动,三线及以下
1961,2025-06-01,达人推荐,新一线
1962,2025-06-28,站内活动,新一线
1963,2025-01-26,自然流量,二线
1964,2025-05-29,短视频投放,新一线
1965,2025-05-28,自然流量,新一线
1966,2025-05-15,短视频投放,一线
1967,2025-03-09,自然流量,新一线
1968,2025-03-26,自然流量,新一线
1969,2025-06-01,短视频投放,一线
1970,2025-01-28,自然流量,二线
1971,2025-05-31,短视频投放,二线
1972,2025-06-16,达人推荐,一线
1973,2025-05-04,自然流量,新一线
1974,2025-03-03,站内活动,三线及以下
1975,2025-04-12,短视频投放,二线
1976,2025-01-10,站内活动,二线
1977,2025-06-18,达人推荐,二线
1978,2025-03-03,达人推荐,新一线
1979,2025-01-11,达人推荐,三线及以下
1980,2025-05-24,站内活动,三线及以下
1981,2025-04-30,达人推荐,三线及以下
1982,2025-04-23,自然流量,新一线
1983,2025-01-10,自然流量,新一线
1984,2025-05-16,达人推荐,新一线
1985,2025-04-26,自然流量,新一线
1986,2025-05-24,自然流量,新一线
1987,2025-05-30,自然流量,二线
1988,2025-02-08,短视频投放,新一线
1989,2025-02-08,自然流量,三线及以下
1990,2025-06-17,达人推荐,一线
1991,2025-04-07,达人推荐,一线
1992,2025-03-21,站内活动,三线及以下
1993,2025-02-21,自然流量,三线及以下
1994,2025-04-26,短视频投放,新一线
1995,2025-05-17,短视频投放,二线
1996,2025-01-01,短视频投放,新一线
1997,2025-04-11,达人推荐,新一线
1998,2025-06-29,自然流量,二线
1999,2025-02-20,站内活动,新一线
2000,2025-02-20,自然流量,二线
